CREATE DATABASE  IF NOT EXISTS `apartments` /*!40100 DEFAULT CHARACTER SET utf8mb4 COLLATE utf8mb4_0900_ai_ci */ /*!80016 DEFAULT ENCRYPTION='N' */;
USE `apartments`;
-- MySQL dump 10.13  Distrib 8.0.41, for Win64 (x86_64)
--
-- Host: localhost    Database: apartments
-- ------------------------------------------------------
-- Server version	8.0.41

/*!40101 SET @OLD_CHARACTER_SET_CLIENT=@@CHARACTER_SET_CLIENT */;
/*!40101 SET @OLD_CHARACTER_SET_RESULTS=@@CHARACTER_SET_RESULTS */;
/*!40101 SET @OLD_COLLATION_CONNECTION=@@COLLATION_CONNECTION */;
/*!50503 SET NAMES utf8 */;
/*!40103 SET @OLD_TIME_ZONE=@@TIME_ZONE */;
/*!40103 SET TIME_ZONE='+00:00' */;
/*!40014 SET @OLD_UNIQUE_CHECKS=@@UNIQUE_CHECKS, UNIQUE_CHECKS=0 */;
/*!40014 SET @OLD_FOREIGN_KEY_CHECKS=@@FOREIGN_KEY_CHECKS, FOREIGN_KEY_CHECKS=0 */;
/*!40101 SET @OLD_SQL_MODE=@@SQL_MODE, SQL_MODE='NO_AUTO_VALUE_ON_ZERO' */;
/*!40111 SET @OLD_SQL_NOTES=@@SQL_NOTES, SQL_NOTES=0 */;

--
-- Table structure for table `apartment`
--

DROP TABLE IF EXISTS `apartment`;
/*!40101 SET @saved_cs_client     = @@character_set_client */;
/*!50503 SET character_set_client = utf8mb4 */;
CREATE TABLE `apartment` (
  `apartment_id` varchar(255) NOT NULL,
  `bedrooms` int NOT NULL,
  `bathrooms` int NOT NULL,
  `loggias` int NOT NULL,
  `area` double NOT NULL,
  PRIMARY KEY (`apartment_id`)
) ENGINE=InnoDB DEFAULT CHARSET=utf8mb4 COLLATE=utf8mb4_0900_ai_ci;
/*!40101 SET character_set_client = @saved_cs_client */;

--
-- Dumping data for table `apartment`
--

LOCK TABLES `apartment` WRITE;
/*!40000 ALTER TABLE `apartment` DISABLE KEYS */;
INSERT INTO `apartment` VALUES ('1',1,1,1,196.18),('10',3,2,1,76.31),('100',2,3,1,170.66),('1000',2,3,2,80.99),('101',3,3,1,128.86),('102',2,1,1,196.3),('103',3,1,2,189.85),('104',1,3,1,102.4),('105',3,3,2,159.81),('106',1,2,2,50.02),('107',1,1,2,88.47),('108',2,1,1,71.96),('109',1,1,2,91.69),('11',3,3,2,104.51),('110',2,1,2,70.08),('111',2,1,2,67.08),('112',2,2,1,159.76),('113',2,1,2,161.09),('114',1,1,2,54.09),('115',2,2,2,109.68),('116',3,1,1,149.78),('117',3,1,1,199.31),('118',1,3,1,108.03),('119',3,3,1,161.98),('12',2,2,1,146.6),('120',2,3,2,65.68),('121',3,3,2,80.18),('122',1,1,1,114.97),('123',2,3,1,62.91),('124',2,1,2,98.24),('125',1,3,2,192.54),('126',3,3,1,180.54),('127',2,3,2,63.43),('128',2,3,1,104.24),('129',3,3,2,76.39),('13',1,2,1,53.19),('130',2,3,2,138.29),('131',3,1,1,69.32),('132',2,3,1,132.86),('133',3,1,2,103.44),('134',2,2,2,155.15),('135',2,1,1,56.33),('136',1,3,1,167),('137',3,3,1,76),('138',3,3,1,164.73),('139',3,1,1,99.99),('14',2,2,2,153.71),('140',2,3,2,159.48),('141',1,3,2,184.5),('142',1,3,1,146.33),('143',2,2,1,91.8),('144',2,2,2,105.61),('145',1,2,2,148.94),('146',1,3,1,65.46),('147',3,1,1,53.91),('148',3,1,1,127.72),('149',3,1,1,69),('15',1,1,1,95.15),('150',1,2,1,172.09),('151',3,1,2,61),('152',2,2,2,70.39),('153',2,3,2,104.55),('154',3,3,1,116.1),('155',2,3,1,81.25),('156',1,3,1,143.62),('157',1,1,2,137.48),('158',3,2,1,183.62),('159',1,3,2,184.91),('16',2,1,2,153.75),('160',1,3,1,179.27),('161',2,1,1,130.82),('162',1,2,2,160),('163',1,3,1,97.03),('164',1,1,2,69.18),('165',1,3,1,64.83),('166',1,2,1,151.44),('167',2,3,1,166.27),('168',2,2,2,104.72),('169',2,1,2,158.63),('17',3,2,2,114.69),('170',1,1,2,137.79),('171',3,2,2,66.04),('172',3,3,1,156.44),('173',2,3,1,133.57),('174',1,2,1,82.57),('175',2,1,2,136.76),('176',2,1,1,71.89),('177',2,2,2,68.93),('178',2,2,2,116.55),('179',2,2,1,188.07),('18',2,2,2,83.45),('180',3,3,1,129.79),('181',2,2,2,104.56),('182',3,1,2,72.51),('183',2,2,2,117.22),('184',3,1,1,73.43),('185',3,2,2,84.38),('186',3,3,2,156.62),('187',2,1,2,75.11),('188',1,1,1,168.16),('189',3,3,2,184.33),('19',3,1,1,194.9),('190',1,2,1,183.06),('191',2,1,2,68.48),('192',1,3,1,159.11),('193',3,1,2,128.87),('194',3,2,1,176.35),('195',1,1,1,91.07),('196',2,3,1,163.54),('197',2,2,2,180.65),('198',2,1,1,144.86),('199',1,1,2,54.6),('2',1,2,1,120.64),('20',1,1,2,188.98),('200',1,3,1,60.21),('201',2,3,2,63.61),('202',2,3,1,114.3),('203',3,2,1,136.37),('204',2,3,1,127.06),('205',1,1,1,198.24),('206',1,2,2,124.42),('207',2,2,2,173.71),('208',1,1,2,136.58),('209',3,1,1,184.84),('21',2,2,2,176.7),('210',2,2,2,79.84),('211',1,1,2,112.21),('212',2,3,2,195.99),('213',1,1,2,115.81),('214',3,2,2,135.18),('215',2,2,1,143.14),('216',1,1,2,165.48),('217',1,2,2,77.07),('218',3,2,2,129),('219',2,1,1,51.34),('22',3,2,1,99.68),('220',1,1,1,82.93),('221',2,3,2,55.29),('222',3,1,1,122.37),('223',1,1,2,85.04),('224',2,1,1,193.81),('225',3,2,1,197.96),('226',3,3,1,99.27),('227',2,1,2,131.77),('228',3,3,1,84.92),('229',3,3,2,152.19),('23',2,1,1,150.59),('230',1,2,2,130.12),('231',3,3,1,89.92),('232',3,3,2,199.5),('233',3,3,1,71.33),('234',1,2,2,122.17),('235',3,3,1,111.65),('236',1,3,1,158.9),('237',2,3,1,156.54),('238',2,2,2,51.12),('239',2,3,1,160.38),('24',1,3,2,71.55),('240',1,2,1,103.69),('241',1,1,1,156.31),('242',1,2,2,53.69),('243',1,1,1,139.06),('244',2,3,2,196.33),('245',1,1,2,90.33),('246',2,2,1,63.23),('247',3,2,2,54.8),('248',2,1,1,74.98),('249',2,3,2,60.75),('25',1,1,2,192.94),('250',2,1,2,115.72),('251',3,3,2,73.89),('252',3,3,1,69.97),('253',3,1,2,63.58),('254',3,1,2,183.96),('255',1,3,2,192.04),('256',3,2,1,169.88),('257',2,2,1,128.68),('258',3,3,1,66.72),('259',1,2,2,74.71),('26',2,3,2,114.64),('260',2,2,1,63.15),('261',1,1,2,91.93),('262',1,3,1,112.48),('263',3,3,2,161.35),('264',1,3,1,193.2),('265',3,1,2,84.87),('266',3,3,1,96.05),('267',3,3,1,185.02),('268',2,1,1,143.38),('269',1,3,1,63.99),('27',1,2,2,111.54),('270',3,2,1,115.64),('271',2,2,2,65.26),('272',2,2,2,57.59),('273',2,1,1,71.24),('274',1,3,1,193.06),('275',3,1,2,73.52),('276',1,3,1,69.92),('277',3,3,1,185.39),('278',3,2,1,153.43),('279',1,1,2,199.26),('28',3,2,2,50.23),('280',1,3,2,135.32),('281',2,2,2,185.58),('282',1,3,2,149.16),('283',1,3,2,105.71),('284',1,2,2,92.77),('285',3,1,1,63),('286',1,3,2,116.39),('287',1,1,1,132.75),('288',3,3,2,71.23),('289',3,3,2,156.49),('29',2,2,2,132.53),('290',3,2,2,120.05),('291',2,3,2,177.25),('292',3,1,1,176.66),('293',3,2,1,146.23),('294',3,3,1,92.34),('295',1,2,1,150.13),('296',3,2,2,94.04),('297',2,1,1,121.71),('298',1,2,2,188.91),('299',1,1,2,184.59),('3',2,1,2,80.8),('30',1,2,2,120.61),('300',3,3,2,141.3),('301',3,1,1,136.1),('302',1,3,2,189.59),('303',3,3,2,133.03),('304',3,1,2,68.97),('305',3,1,1,170.97),('306',1,2,1,178.66),('307',3,1,2,130.11),('308',3,2,2,193.56),('309',3,1,1,136.77),('31',2,3,1,166.4),('310',1,3,1,181.21),('311',2,3,1,183.9),('312',3,2,2,63.61),('313',3,2,2,144.71),('314',2,2,2,76.01),('315',3,1,2,123.05),('316',3,1,1,149.15),('317',3,3,2,165.64),('318',1,2,1,108.21),('319',1,3,1,111.75),('32',3,2,2,192.78),('320',3,3,2,189.74),('321',1,2,2,69.17),('322',3,3,1,186.14),('323',3,3,1,149.38),('324',3,1,2,133.23),('325',3,2,1,93.23),('326',1,1,1,84.62),('327',2,1,2,55),('328',2,2,2,171.71),('329',2,1,2,158.45),('33',3,2,2,88.1),('330',3,2,1,103.43),('331',2,1,2,54.24),('332',2,3,2,118.75),('333',1,3,1,66.29),('334',2,1,1,161.26),('335',2,1,2,187.55),('336',2,2,1,187.27),('337',1,3,1,170.53),('338',1,3,1,192.39),('339',2,3,1,199.27),('34',1,3,1,193.93),('340',2,3,1,194.23),('341',3,2,2,199.97),('342',2,1,1,155.85),('343',2,1,1,172.3),('344',2,3,1,193.28),('345',2,1,1,142.78),('346',3,2,2,195.44),('347',1,1,2,157.64),('348',3,1,1,134.31),('349',1,1,1,161.73),('35',1,1,2,193.04),('350',2,3,2,136.19),('351',3,1,2,136.27),('352',1,2,1,176.1),('353',2,2,1,160.89),('354',1,3,1,135.53),('355',3,1,2,198.29),('356',1,1,1,122.01),('357',2,1,2,115.38),('358',3,2,1,65.6),('359',1,3,2,140.91),('36',1,2,2,184.52),('360',1,1,2,164.01),('361',1,2,2,116.09),('362',3,3,1,95.34),('363',2,3,2,144.11),('364',3,2,2,107.91),('365',2,3,1,84.88),('366',1,3,2,166.62),('367',3,1,1,186.84),('368',3,3,1,100.14),('369',1,3,1,117.21),('37',2,2,2,110.5),('370',2,2,1,76.31),('371',2,1,1,119.3),('372',3,2,1,98.37),('373',2,1,1,157.17),('374',1,3,2,147.3),('375',2,3,1,62.55),('376',3,2,1,116.08),('377',3,1,1,114.74),('378',1,1,2,161.99),('379',1,1,2,161.26),('38',3,3,2,182.43),('380',1,1,2,142.67),('381',2,1,1,152.25),('382',1,1,1,87.97),('383',2,2,1,78.84),('384',3,3,1,136.73),('385',3,2,1,69.12),('386',2,1,1,85.49),('387',3,3,1,148.62),('388',3,3,2,172.77),('389',1,1,2,100.73),('39',1,2,1,190.86),('390',3,1,1,51.97),('391',1,3,2,133.26),('392',3,2,1,197.16),('393',3,2,2,181.32),('394',3,1,1,161.2),('395',1,2,1,143.8),('396',2,3,2,162.3),('397',3,2,1,190.8),('398',1,2,1,73.98),('399',2,1,2,164.49),('4',2,2,1,150.68),('40',1,3,2,115.83),('400',3,1,1,165.01),('401',3,2,2,135.63),('402',3,3,2,147.89),('403',2,1,1,122.47),('404',1,2,2,133.86),('405',3,2,1,60.59),('406',2,3,2,144.79),('407',2,2,2,163.46),('408',1,2,1,123.02),('409',1,2,2,190.01),('41',3,3,1,138.65),('410',3,3,2,108.37),('411',3,3,2,131.9),('412',3,3,2,76.63),('413',1,2,1,175.49),('414',1,3,1,102.84),('415',3,2,2,157.94),('416',1,1,2,56.6),('417',2,2,2,142.61),('418',2,1,1,150.69),('419',1,3,2,153.46),('42',1,1,1,144.78),('420',2,3,1,128.57),('421',3,2,2,114.51),('422',2,1,1,184.28),('423',1,3,1,151.58),('424',2,2,2,138.3),('425',3,2,1,108.74),('426',1,3,2,147.8),('427',1,1,1,140.82),('428',2,1,1,171.77),('429',2,1,1,84.14),('43',2,1,2,62.19),('430',2,3,2,52.44),('431',2,1,1,103.52),('432',2,3,1,129),('433',1,3,2,78.8),('434',1,2,1,77.54),('435',1,1,1,65.7),('436',1,1,1,187.8),('437',3,2,1,194.81),('438',1,1,1,145.73),('439',3,2,2,104.33),('44',1,1,2,137.39),('440',1,1,2,60.88),('441',1,2,2,76.39),('442',2,3,1,178.06),('443',1,1,2,76.07),('444',2,1,2,107.04),('445',2,1,1,83.97),('446',3,1,2,64.71),('447',2,1,1,88.3),('448',1,3,2,179.78),('449',3,3,2,134.89),('45',3,3,1,164.09),('450',3,2,1,85.77),('451',2,3,2,82.31),('452',1,2,2,179.95),('453',2,1,1,108.17),('454',1,1,1,124.4),('455',3,1,1,188.72),('456',2,1,2,96.48),('457',1,2,2,196.61),('458',2,2,1,94.43),('459',2,2,2,143.7),('46',2,2,2,158.25),('460',3,1,2,84.58),('461',3,3,1,59.09),('462',2,3,2,182.52),('463',1,2,2,191.6),('464',1,3,1,108.04),('465',3,2,2,165.49),('466',2,2,1,56.72),('467',2,3,1,77.55),('468',3,2,1,149.97),('469',1,3,2,51.05),('47',2,1,2,122.54),('470',1,2,2,190.96),('471',3,1,2,55.68),('472',3,2,2,126.29),('473',1,1,2,76.44),('474',1,3,1,138.06),('475',2,3,2,173.61),('476',2,3,2,96.51),('477',3,2,1,101.66),('478',2,2,2,127.98),('479',3,1,2,111.58),('48',1,2,1,158.61),('480',1,3,2,121.12),('481',3,1,2,103.1),('482',2,2,2,93.62),('483',3,1,1,189.44),('484',1,1,2,197.87),('485',3,1,1,82.04),('486',1,2,2,198.15),('487',2,3,2,178.32),('488',1,3,1,149.55),('489',1,2,2,136.27),('49',1,1,2,165.39),('490',2,3,2,166.51),('491',3,1,1,149),('492',1,1,2,105.33),('493',2,3,1,123.95),('494',2,3,1,53.56),('495',1,2,2,153.22),('496',1,3,1,78),('497',1,1,2,64.25),('498',3,1,1,186),('499',3,1,1,88.32),('5',2,2,2,195.46),('50',2,1,1,64.75),('500',3,3,1,121.77),('501',3,3,2,161.23),('502',2,1,1,138.99),('503',2,2,1,172.85),('504',1,3,2,60.72),('505',2,3,1,138.04),('506',1,3,1,127.48),('507',3,3,2,133.92),('508',2,3,2,132.03),('509',1,2,2,151.14),('51',1,3,1,83.03),('510',1,1,2,52.32),('511',3,2,2,198.37),('512',2,2,1,130.15),('513',1,1,2,102.47),('514',2,3,1,194.23),('515',2,1,2,102.41),('516',1,1,2,145.68),('517',3,1,1,174.03),('518',2,2,1,198.91),('519',1,2,2,139.28),('52',1,1,1,150.21),('520',1,2,2,173.96),('521',1,1,1,92.57),('522',3,2,2,97.59),('523',1,1,1,171.24),('524',1,3,2,185.51),('525',1,3,1,77.71),('526',2,3,1,141.59),('527',3,3,2,60.62),('528',2,3,2,137.86),('529',1,1,2,191.18),('53',3,3,1,88.72),('530',2,2,2,74.48),('531',1,3,2,127.88),('532',1,2,1,157.14),('533',3,1,1,153.58),('534',2,3,1,61.63),('535',1,1,1,84.58),('536',3,1,1,57.74),('537',3,1,1,138.68),('538',2,2,2,118.64),('539',1,1,2,145),('54',2,2,2,191.91),('540',3,1,1,65.11),('541',3,1,1,50.8),('542',3,2,1,147.67),('543',2,3,2,110.48),('544',1,3,2,111.56),('545',1,1,1,87.02),('546',3,2,2,101.78),('547',1,1,1,130.4),('548',1,3,2,190.66),('549',2,1,1,128.62),('55',1,2,2,147.97),('550',1,3,1,93.41),('551',1,1,2,150.52),('552',1,2,2,156.9),('553',3,1,2,194.22),('554',3,3,2,181.08),('555',1,1,1,140.17),('556',3,2,2,102.22),('557',1,1,1,55.81),('558',1,2,1,150.94),('559',2,3,1,173.45),('56',2,2,2,158.33),('560',1,2,2,160.59),('561',3,1,2,61.93),('562',2,3,1,59.47),('563',3,2,1,79.23),('564',1,3,1,103.51),('565',2,3,1,72.07),('566',1,3,1,166.87),('567',1,3,2,110.12),('568',3,2,2,183.61),('569',3,1,1,140.53),('57',3,3,1,56.71),('570',1,2,1,125.59),('571',1,3,1,76.92),('572',1,3,2,51.81),('573',1,2,1,83.13),('574',1,2,2,58.19),('575',3,2,1,183.82),('576',1,1,2,169.12),('577',1,1,1,90.36),('578',2,1,1,81.72),('579',1,1,2,119.27),('58',1,2,1,169.08),('580',3,3,2,82.31),('581',1,3,1,56.01),('582',2,3,2,165.53),('583',2,2,1,163.48),('584',3,2,1,91.87),('585',3,2,2,154.34),('586',1,3,1,134.73),('587',2,3,2,103.12),('588',3,3,1,96.27),('589',2,3,1,172.85),('59',2,2,2,198.6),('590',2,2,2,145.95),('591',3,3,1,135.12),('592',3,2,1,119.42),('593',1,1,1,121.12),('594',2,1,2,54.91),('595',1,2,1,73.27),('596',2,1,1,86.97),('597',3,3,2,61.01),('598',3,2,1,138.07),('599',2,2,1,118.15),('6',1,2,1,191.14),('60',1,3,1,102.9),('600',1,3,1,138.78),('601',3,3,1,133.57),('602',1,3,1,156.78),('603',2,2,1,61.23),('604',2,1,1,127.77),('605',2,3,2,180.62),('606',1,1,2,197.92),('607',2,1,2,119.23),('608',1,3,2,67.02),('609',3,1,1,66.72),('61',3,3,2,158.29),('610',2,3,2,80.16),('611',1,3,1,131.05),('612',3,3,2,145.62),('613',1,2,2,87.2),('614',1,2,1,195.93),('615',3,2,1,125.42),('616',1,2,2,125.21),('617',2,1,2,173.23),('618',3,3,1,115.71),('619',1,1,2,139.11),('62',3,3,2,123.62),('620',2,2,1,156.37),('621',2,3,1,94.19),('622',2,3,1,163.4),('623',2,1,2,140.87),('624',3,2,2,113.27),('625',3,2,1,195.63),('626',2,3,1,84.06),('627',1,2,1,132.51),('628',2,1,1,52.85),('629',2,2,1,55.8),('63',3,1,1,191.71),('630',2,3,1,69.47),('631',1,2,2,140.09),('632',2,3,1,60.15),('633',3,2,2,185.35),('634',2,1,1,74.09),('635',3,1,2,125.11),('636',1,3,2,152.13),('637',3,2,2,101.28),('638',3,3,2,75.24),('639',2,3,2,156.72),('64',1,3,2,122.05),('640',3,2,2,73.94),('641',3,3,2,132.3),('642',1,2,1,97.18),('643',1,1,2,149.13),('644',3,1,1,88.54),('645',3,3,1,61.23),('646',3,2,1,187.18),('647',3,3,2,184.84),('648',1,3,1,152.5),('649',3,3,1,196.53),('65',1,2,1,169.85),('650',3,1,2,58.81),('651',1,3,2,61.87),('652',1,1,2,66.22),('653',3,2,2,177.19),('654',3,2,1,58.3),('655',2,1,1,96.3),('656',2,1,2,156),('657',3,2,1,189.07),('658',3,2,2,127.64),('659',1,2,1,62.5),('66',2,3,2,116.3),('660',3,1,2,183.5),('661',2,3,2,117.68),('662',1,3,1,132.12),('663',2,1,1,130.89),('664',1,1,2,52.87),('665',2,3,1,191.58),('666',3,1,1,56.15),('667',3,2,1,124.9),('668',3,3,1,143.01),('669',3,1,1,64.01),('67',1,1,1,85.12),('670',3,1,1,178.07),('671',2,3,1,90.38),('672',1,1,2,159.74),('673',2,3,2,67.19),('674',3,3,1,129.03),('675',2,1,2,50.43),('676',3,2,1,52.17),('677',3,1,1,186.67),('678',1,2,1,56.62),('679',3,2,1,67.17),('68',3,3,2,185.23),('680',1,2,1,179.51),('681',2,3,1,137.73),('682',1,3,1,163.5),('683',3,3,1,57.25),('684',2,3,2,123.07),('685',2,2,2,90.72),('686',3,1,2,114.84),('687',3,1,2,151.24),('688',1,1,2,88.4),('689',2,1,2,71.76),('69',2,3,1,189.87),('690',1,1,1,62.17),('691',3,2,1,138.67),('692',2,1,1,98.9),('693',3,1,2,95.17),('694',1,2,1,52.67),('695',1,1,2,178.28),('696',2,2,1,150.23),('697',1,3,1,99.64),('698',2,1,1,151.46),('699',3,1,1,134.99),('7',3,2,2,80.48),('70',1,2,2,126.61),('700',2,3,1,160.46),('701',3,1,1,119.33),('702',3,2,2,68.04),('703',3,1,1,153.27),('704',1,2,1,53.06),('705',3,2,2,89.79),('706',3,1,1,71.28),('707',2,1,1,56.47),('708',3,3,1,169.65),('709',2,3,2,63.59),('71',1,2,2,128.25),('710',2,1,1,73.28),('711',1,3,2,62.7),('712',1,2,2,127.91),('713',3,3,1,72.57),('714',2,1,1,137.25),('715',1,2,1,164.85),('716',2,2,2,63.94),('717',1,2,2,183.59),('718',3,3,2,185.82),('719',1,1,1,93.52),('72',3,3,2,144.46),('720',3,3,1,163.96),('721',3,1,2,68.8),('722',2,2,2,111.03),('723',1,2,1,97.34),('724',3,3,2,108.73),('725',2,1,2,163.04),('726',1,3,2,113.47),('727',2,1,2,90.24),('728',1,3,1,73.64),('729',1,1,1,187.86),('73',3,2,1,59.53),('730',3,1,1,122.08),('731',2,2,2,199.99),('732',2,3,2,150.53),('733',2,1,1,162.6),('734',1,1,2,73.61),('735',3,1,2,61.49),('736',3,2,2,190.53),('737',3,3,1,158.29),('738',3,2,1,93.91),('739',2,2,1,198.78),('74',3,1,2,83.55),('740',1,1,1,184.48),('741',1,2,2,162.72),('742',1,3,1,193.75),('743',1,3,1,120.47),('744',2,3,2,163.56),('745',3,3,2,70.4),('746',2,1,1,172.39),('747',2,2,1,75.8),('748',1,1,2,144.57),('749',1,1,1,139.85),('75',1,2,2,180.32),('750',1,2,1,188.21),('751',1,1,1,144.35),('752',3,2,2,81.72),('753',3,2,1,141.55),('754',3,1,1,116.6),('755',1,1,1,60.94),('756',1,2,2,68.76),('757',3,2,2,194.18),('758',1,2,2,120.44),('759',1,1,1,116.67),('76',2,3,1,57.02),('760',3,3,2,152.55),('761',3,2,1,87.52),('762',3,2,2,166.2),('763',3,2,2,127.53),('764',2,1,1,136.85),('765',1,2,2,83.97),('766',3,2,1,53.71),('767',3,2,2,88.23),('768',1,3,1,92.46),('769',3,2,1,144),('77',2,3,1,116.83),('770',2,3,1,144.09),('771',1,3,2,129.01),('772',2,2,2,138.02),('773',3,1,1,186.13),('774',1,3,1,117.01),('775',1,2,2,64.88),('776',3,3,1,114.15),('777',2,1,1,54.62),('778',1,2,2,136.59),('779',1,3,2,146.71),('78',2,3,1,165.85),('780',1,1,2,172.16),('781',2,2,2,162.09),('782',3,2,1,146.62),('783',1,2,2,197.01),('784',3,2,2,188.75),('785',3,3,2,190.51),('786',2,1,1,125.92),('787',3,2,1,157.04),('788',1,2,1,193.56),('789',3,3,2,173.68),('79',3,2,1,54.44),('790',3,2,2,96.91),('791',3,3,1,121.62),('792',2,2,1,184.22),('793',2,3,2,170.18),('794',2,1,1,79.23),('795',2,2,2,135.63),('796',1,1,1,121.37),('797',1,2,2,74.76),('798',3,1,2,143.33),('799',3,3,2,102.04),('8',2,1,2,64.05),('80',2,1,2,87.18),('800',3,3,1,70.66),('801',3,3,2,132.56),('802',2,3,2,63.35),('803',1,1,2,102.12),('804',2,1,1,93.27),('805',1,1,1,58.73),('806',1,1,1,85.02),('807',3,2,1,52.99),('808',3,1,1,163.04),('809',1,2,2,185.62),('81',1,1,2,104.31),('810',2,1,2,158.43),('811',3,1,2,127.02),('812',1,1,1,151.1),('813',3,3,1,69.93),('814',1,3,2,193.28),('815',2,2,2,140.01),('816',2,3,2,134.7),('817',1,1,1,139.24),('818',3,2,2,134.24),('819',2,2,1,141.83),('82',3,3,1,153.29),('820',3,2,2,176.74),('821',2,2,2,92.44),('822',2,2,1,82.48),('823',1,3,1,161.91),('824',3,1,2,114.2),('825',1,3,2,55.03),('826',2,2,1,142.89),('827',1,1,1,168.32),('828',3,2,2,142.2),('829',3,3,2,83.93),('83',2,2,1,60.99),('830',1,1,2,83.73),('831',1,3,1,190.35),('832',1,1,1,185.58),('833',2,2,2,186.15),('834',2,2,1,170.26),('835',1,3,1,158.74),('836',3,1,1,185.08),('837',1,2,1,160.18),('838',2,2,2,176.98),('839',2,3,2,128.46),('84',3,1,1,56.1),('840',1,3,2,195.88),('841',3,1,2,117.15),('842',3,3,2,141.25),('843',1,3,1,173.2),('844',2,1,2,98.02),('845',1,2,2,131.94),('846',2,2,1,123.35),('847',1,1,1,112.83),('848',1,2,2,84.14),('849',1,1,1,181.05),('85',1,2,2,161.53),('850',3,2,1,160.99),('851',2,2,2,84.62),('852',3,1,2,133.13),('853',3,1,1,54.24),('854',2,2,1,164.24),('855',1,2,2,182.38),('856',2,1,1,130.08),('857',2,1,1,160.11),('858',1,3,2,65.51),('859',2,3,2,58.34),('86',2,1,1,153.88),('860',3,3,2,92.21),('861',1,3,1,102.31),('862',3,1,1,181.07),('863',2,2,1,138.89),('864',1,1,1,192.4),('865',3,1,1,192.12),('866',3,1,1,93.23),('867',1,3,2,95.57),('868',1,1,2,158.22),('869',2,2,2,91.54),('87',3,2,1,157.91),('870',1,1,2,110.63),('871',3,2,2,153.18),('872',1,2,2,106.91),('873',1,1,2,172.16),('874',1,2,2,152.81),('875',3,2,2,86.97),('876',1,2,1,98.77),('877',2,2,1,86.98),('878',3,3,1,198.09),('879',2,2,1,148.25),('88',1,3,2,154.54),('880',3,1,1,170.56),('881',3,1,1,146.39),('882',3,2,2,190.23),('883',3,2,2,151.18),('884',3,2,2,138.39),('885',3,2,1,122.16),('886',3,2,2,139),('887',1,3,1,103.96),('888',1,1,2,52.48),('889',1,2,1,72.35),('89',3,2,2,55.83),('890',1,3,2,188.62),('891',3,1,1,70.04),('892',3,2,2,69.27),('893',3,3,1,114.67),('894',1,2,2,144.13),('895',1,3,2,107.27),('896',3,3,1,132.89),('897',3,3,2,148.28),('898',3,2,2,78.71),('899',2,2,1,143.56),('9',2,3,1,76),('90',2,3,2,168.63),('900',2,3,2,163.14),('901',1,3,2,176.87),('902',1,1,2,80.83),('903',1,1,2,104.77),('904',1,1,2,76.44),('905',2,1,2,79.74),('906',2,3,2,86.97),('907',2,3,2,92.93),('908',1,2,1,55.38),('909',2,1,2,179.45),('91',3,3,2,68.48),('910',1,2,2,141.02),('911',1,2,1,177.22),('912',2,1,2,67.45),('913',1,2,2,119.53),('914',1,2,2,155.91),('915',1,2,2,54.57),('916',3,1,1,76.7),('917',3,2,2,59.2),('918',2,1,2,138.18),('919',1,2,1,130.88),('92',1,1,2,83.69),('920',3,1,1,70.02),('921',1,1,2,168.85),('922',2,1,2,78.76),('923',2,1,1,82.02),('924',2,3,1,100.06),('925',3,2,2,175.33),('926',3,2,2,63.89),('927',2,2,2,76.12),('928',1,3,2,86.05),('929',1,2,2,113.9),('93',3,3,2,166.41),('930',2,1,1,98.51),('931',2,3,2,89.64),('932',2,1,2,169.04),('933',2,1,2,195.72),('934',1,2,2,81.4),('935',2,1,1,96.7),('936',3,3,2,70.7),('937',3,3,1,151.19),('938',2,3,2,187.14),('939',3,2,1,184.11),('94',2,1,2,72.91),('940',2,3,1,62.02),('941',3,2,1,194.44),('942',3,3,2,121.51),('943',2,2,1,74.98),('944',3,2,2,74.55),('945',2,1,2,154.12),('946',3,2,2,120.29),('947',1,3,2,72.75),('948',2,3,1,134.9),('949',3,1,2,52.92),('95',1,1,2,166.99),('950',2,1,1,186.65),('951',2,3,1,143.52),('952',2,2,1,162.94),('953',2,1,1,197.83),('954',3,3,1,122.24),('955',1,3,2,100.37),('956',3,3,1,108.67),('957',2,2,2,117.61),('958',1,2,2,72.16),('959',1,3,1,154.91),('96',3,3,1,137.06),('960',2,3,1,134.41),('961',2,3,2,139.94),('962',3,1,1,159.3),('963',1,2,1,130.06),('964',2,3,1,134.04),('965',1,2,1,70.57),('966',3,3,2,68.65),('967',3,2,2,141.56),('968',3,3,1,151.94),('969',1,1,1,199.82),('97',2,3,1,79.58),('970',3,1,1,117.61),('971',1,1,1,148.37),('972',3,3,2,51.23),('973',1,3,1,71.05),('974',1,1,1,175.25),('975',1,3,2,153.9),('976',1,1,1,184.81),('977',3,1,1,91.21),('978',1,3,2,60.69),('979',2,2,1,68.1),('98',3,2,2,87.17),('980',3,1,2,182.59),('981',3,1,1,177.37),('982',2,1,2,194.47),('983',2,3,2,149.65),('984',1,3,2,96.86),('985',1,2,2,179.81),('986',2,3,1,188.15),('987',1,1,2,120.71),('988',3,3,2,103.09),('989',3,3,1,147.05),('99',1,3,1,81.89),('990',3,3,1,119.91),('991',1,3,2,128.92),('992',3,3,2,87.44),('993',3,2,1,165.97),('994',3,2,2,135.59),('995',2,2,1,155.5),('996',1,3,2,123.52),('997',2,2,1,120.5),('998',2,1,1,130.08),('999',3,2,2,75.05),('guest',0,0,0,0);
/*!40000 ALTER TABLE `apartment` ENABLE KEYS */;
UNLOCK TABLES;

--
-- Table structure for table `entry_exit_log`
--

DROP TABLE IF EXISTS `entry_exit_log`;
/*!40101 SET @saved_cs_client     = @@character_set_client */;
/*!50503 SET character_set_client = utf8mb4 */;
CREATE TABLE `entry_exit_log` (
  `id` bigint NOT NULL AUTO_INCREMENT,
  `license_plate` varchar(255) DEFAULT NULL,
  `time` datetime DEFAULT NULL,
  `direction` varchar(255) NOT NULL,
  PRIMARY KEY (`id`),
  KEY `license_plate` (`license_plate`)
) ENGINE=InnoDB AUTO_INCREMENT=112 DEFAULT CHARSET=utf8mb4 COLLATE=utf8mb4_0900_ai_ci;
/*!40101 SET character_set_client = @saved_cs_client */;

--
-- Dumping data for table `entry_exit_log`
--

LOCK TABLES `entry_exit_log` WRITE;
/*!40000 ALTER TABLE `entry_exit_log` DISABLE KEYS */;
INSERT INTO `entry_exit_log` VALUES (2,'48Z-2166','2024-10-11 00:00:00','out'),(3,'60J-0954','2024-08-29 00:00:00','out'),(4,'42E-4312','2024-01-30 00:00:00','in'),(5,'74Q-3114','2024-08-21 00:00:00','out'),(6,'02Z-5127','2024-04-30 00:00:00','in'),(7,'37V-9240','2024-06-02 00:00:00','out'),(8,'49P-7058','2024-05-15 00:00:00','out'),(9,'21M-2102','2024-11-23 00:00:00','out'),(10,'31P-1891','2024-02-09 00:00:00','in'),(11,'05C-1215','2024-03-15 00:00:00','in'),(12,'40R-5553','2024-07-31 00:00:00','in'),(13,'14X-6858','2024-03-12 00:00:00','out'),(14,'92M-0414','2024-05-06 00:00:00','out'),(15,'22R-8123','2024-04-03 00:00:00','in'),(16,'20Y-5177','2024-02-08 00:00:00','out'),(17,'46D-8426','2024-08-21 00:00:00','in'),(18,'29D-6914','2024-01-25 00:00:00','out'),(19,'87R-1259','2024-03-31 00:00:00','out'),(20,'99I-8334','2024-10-22 00:00:00','in'),(21,'64W-1709','2024-01-05 00:00:00','in'),(22,'00N-1138','2024-07-22 00:00:00','in'),(23,'62L-3964','2024-06-01 00:00:00','in'),(24,'69L-0611','2024-10-08 00:00:00','out'),(25,'02Z-7823','2024-11-20 00:00:00','out'),(26,'10B-3135','2024-08-30 00:00:00','in'),(27,'83Q-9521','2024-04-30 00:00:00','in'),(28,'60W-4741','2024-10-27 00:00:00','in'),(29,'95C-3079','2024-01-06 00:00:00','in'),(30,'25Z-6521','2024-10-18 00:00:00','out'),(31,'00T-4522','2024-07-10 00:00:00','out'),(32,'40J-6288','2024-02-22 00:00:00','out'),(33,'68O-3738','2024-04-06 00:00:00','out'),(34,'40C-6844','2024-03-10 00:00:00','out'),(35,'78I-6355','2024-08-16 00:00:00','in'),(36,'93Q-2575','2024-04-04 00:00:00','out'),(37,'16M-6317','2024-09-19 00:00:00','out'),(38,'19O-7311','2024-06-22 00:00:00','in'),(39,'82Q-4808','2024-07-02 00:00:00','out'),(40,'57M-4877','2024-06-01 00:00:00','in'),(41,'30G-1674','2024-11-03 00:00:00','in'),(42,'41M-1363','2024-10-16 00:00:00','in'),(43,'20A-5343','2024-07-06 00:00:00','out'),(44,'68K-3248','2024-11-04 00:00:00','out'),(45,'73P-3693','2024-04-07 00:00:00','in'),(46,'59B-5414','2024-05-19 00:00:00','in'),(47,'50X-7545','2024-03-18 00:00:00','out'),(48,'91U-3421','2024-01-13 00:00:00','out'),(49,'44X-2853','2024-03-13 00:00:00','in'),(50,'87C-7333','2024-06-07 00:00:00','in'),(51,'48N-5627','2024-04-14 00:00:00','out'),(52,'84Z-0700','2024-07-01 00:00:00','in'),(53,'07U-3038','2024-11-17 00:00:00','out'),(54,'34X-0545','2024-07-22 00:00:00','out'),(55,'32V-4038','2024-09-19 00:00:00','out'),(56,'53M-9954','2024-04-29 00:00:00','out'),(57,'50P-2616','2024-04-03 00:00:00','in'),(58,'28U-2778','2024-01-20 00:00:00','out'),(59,'29B-8192','2024-12-22 00:00:00','in'),(60,'75K-7703','2024-10-04 00:00:00','out'),(61,'36Q-5773','2024-08-09 00:00:00','in'),(62,'63S-7146','2024-03-25 00:00:00','out'),(63,'72J-0345','2024-02-26 00:00:00','out'),(64,'67M-4834','2024-11-02 00:00:00','out'),(65,'96Z-4020','2024-08-03 00:00:00','out'),(66,'12F-3732','2024-10-20 00:00:00','out'),(67,'88L-8899','2024-02-05 00:00:00','out'),(68,'59I-6020','2024-07-22 00:00:00','out'),(69,'60K-0568','2024-02-24 00:00:00','in'),(70,'42N-7307','2024-09-09 00:00:00','in'),(71,'07F-5437','2024-08-11 00:00:00','in'),(72,'44C-9777','2024-07-24 00:00:00','in'),(73,'68N-4456','2024-05-20 00:00:00','out'),(74,'66A-3785','2024-09-28 00:00:00','in'),(75,'23V-3642','2024-04-11 00:00:00','in'),(76,'12V-2493','2024-08-12 00:00:00','in'),(77,'67P-9488','2024-05-10 00:00:00','in'),(78,'47G-5534','2024-09-24 00:00:00','in'),(79,'31E-9951','2024-10-26 00:00:00','out'),(80,'05V-9759','2024-03-08 00:00:00','in'),(81,'38H-4147','2024-12-13 00:00:00','in'),(82,'12W-7222','2024-07-08 00:00:00','in'),(83,'29U-5892','2024-07-04 00:00:00','in'),(84,'83Q-0299','2024-12-15 00:00:00','in'),(85,'94P-9225','2024-05-31 00:00:00','in'),(86,'81A-7756','2024-01-03 00:00:00','in'),(87,'10W-8729','2024-03-18 00:00:00','in'),(88,'60E-6617','2024-07-08 00:00:00','in'),(89,'08C-2341','2024-08-04 00:00:00','in'),(90,'04D-3565','2024-12-20 00:00:00','in'),(91,'10V-7540','2024-11-09 00:00:00','in'),(92,'54G-7833','2024-05-19 00:00:00','in'),(93,'68X-8783','2024-07-01 00:00:00','out'),(94,'94N-7575','2024-02-23 00:00:00','out'),(95,'44A-2277','2024-02-17 00:00:00','in'),(96,'32R-0169','2024-02-19 00:00:00','out'),(97,'81W-8707','2024-02-13 00:00:00','in'),(98,'65X-8098','2024-10-14 00:00:00','in'),(99,'03K-8418','2024-05-20 00:00:00','in'),(100,'79H-2808','2024-05-30 00:00:00','out'),(101,'04D-2173','2024-05-23 00:00:00','in'),(102,'24D-5020','2024-05-26 00:00:00','out'),(103,'00B-7219','2025-02-05 15:01:48','in'),(104,'5555','2025-02-05 15:09:12','in'),(105,'5555','2025-02-05 15:09:41','in'),(106,'5555','2025-02-05 15:23:07','in'),(107,'5555','2025-02-05 15:23:07','out'),(108,'5555','2025-02-05 15:23:32','in'),(109,'00B-7219','2025-02-05 15:23:32','out'),(110,'00B-7219','2025-02-05 15:40:18','in'),(111,'00B-7219','2025-02-05 15:42:30','out');
/*!40000 ALTER TABLE `entry_exit_log` ENABLE KEYS */;
UNLOCK TABLES;

--
-- Table structure for table `resident`
--

DROP TABLE IF EXISTS `resident`;
/*!40101 SET @saved_cs_client     = @@character_set_client */;
/*!50503 SET character_set_client = utf8mb4 */;
CREATE TABLE `resident` (
  `resident_id` bigint NOT NULL AUTO_INCREMENT,
  `full_name` varchar(255) NOT NULL,
  `apartment_id` varchar(255) NOT NULL,
  `birth_date` date NOT NULL,
  `phone_number` varchar(255) NOT NULL,
  `email` varchar(255) NOT NULL,
  PRIMARY KEY (`resident_id`),
  KEY `apartment_id` (`apartment_id`),
  CONSTRAINT `resident_ibfk_1` FOREIGN KEY (`apartment_id`) REFERENCES `apartment` (`apartment_id`)
) ENGINE=InnoDB AUTO_INCREMENT=1001 DEFAULT CHARSET=utf8mb4 COLLATE=utf8mb4_0900_ai_ci;
/*!40101 SET character_set_client = @saved_cs_client */;

--
-- Dumping data for table `resident`
--

LOCK TABLES `resident` WRITE;
/*!40000 ALTER TABLE `resident` DISABLE KEYS */;
INSERT INTO `resident` VALUES (1,'Elroy Heak','222','1111-11-11','949-169-5152','eheak@tumblr.com'),(2,'Niccolo Blakelock','722','2018-06-25','227-973-6690','nblakelock1@yahoo.com'),(3,'Deck Rogister','808','2016-11-29','668-736-0390','drogister2@list-manage.com'),(4,'Bibbye Gaze','472','1970-03-03','702-767-5751','bgaze3@tinypic.com'),(5,'Aldric Pren','368','1999-10-16','816-969-9701','apren4@telegraph.co.uk'),(6,'Hertha Arlt','885','2007-08-23','943-175-5632','harlt5@nifty.com'),(7,'Alverta Culbert','880','1988-06-19','926-229-5085','aculbert6@quantcast.com'),(8,'Gina Fryman','757','2012-12-16','795-225-3357','gfryman7@spiegel.de'),(9,'Tonie Sharphurst','323','1978-09-05','363-352-2708','tsharphurst8@feedburner.com'),(10,'Enos McNabb','638','2001-10-07','777-892-3066','emcnabb9@miibeian.gov.cn'),(11,'Vittoria Arnaudon','446','2005-12-14','653-241-4986','varnaudona@usnews.com'),(12,'Viviyan Cowndley','155','1997-03-02','851-601-4157','vcowndleyb@apple.com'),(13,'Jasmina Tabard','497','1972-03-09','321-328-2057','jtabardc@paypal.com'),(14,'Sheelagh Melmeth','584','1989-09-28','571-142-7627','smelmethd@printfriendly.com'),(15,'Muffin Grigolli','54','2024-12-21','300-288-2367','mgrigollie@hao123.com'),(16,'Tobey Martinon','567','2000-06-09','772-956-4601','tmartinonf@reddit.com'),(17,'Kathe Slyne','552','1996-08-24','542-251-7133','kslyneg@whitehouse.gov'),(18,'La verne Lett','865','2010-08-29','513-802-8446','lverneh@drupal.org'),(19,'Garik Kisar','762','1987-08-12','593-824-4900','gkisari@bravesites.com'),(20,'Thatcher Akram','93','2016-08-02','593-834-3948','takramj@statcounter.com'),(21,'Bert Cottingham','670','1979-12-25','266-647-5148','bcottinghamk@mapy.cz'),(22,'Chris Kinsey','665','2009-09-24','393-879-2303','ckinseyl@independent.co.uk'),(23,'Ailee Sunley','869','1994-01-27','561-433-9117','asunleym@geocities.jp'),(24,'Gregorio Pulhoster','249','2010-01-19','122-826-5369','gpulhostern@blogtalkradio.com'),(25,'Ossie Sturror','729','2003-02-18','599-168-4829','osturroro@unicef.org'),(26,'Inga McKea','223','1974-12-04','399-153-9247','imckeap@msn.com'),(27,'Pamella Rassell','379','2000-02-02','765-566-6656','prassellq@wunderground.com'),(28,'Bekki Benford','880','1999-05-03','493-471-1723','bbenfordr@wsj.com'),(29,'Lillis Stuke','901','1993-04-11','763-445-9924','lstukes@rakuten.co.jp'),(30,'Heidie Adamowicz','576','2000-06-25','597-582-1019','hadamowiczt@fotki.com'),(31,'Pat Basson','159','2014-07-13','446-947-1649','pbassonu@csmonitor.com'),(32,'Colette Spacie','927','1981-08-15','315-360-0196','cspaciev@e-recht24.de'),(33,'Dillon Mac','37','1993-07-19','890-902-6106','dmacw@google.com'),(34,'Clair De Blasiis','542','2012-06-10','584-556-3401','cdex@usa.gov'),(35,'Justus Grennan','847','2005-05-16','512-321-0152','jgrennany@cafepress.com'),(36,'Sayer Domenge','675','2004-03-11','237-301-0483','sdomengez@photobucket.com'),(37,'Elmer Wyllie','281','2018-05-27','508-180-1278','ewyllie10@tmall.com'),(38,'Adrea Heinel','90','1972-06-29','831-431-0851','aheinel11@miibeian.gov.cn'),(39,'Trescha Lie','23','1992-10-13','380-624-4076','tlie12@live.com'),(40,'Margi Petrolli','912','1989-01-27','469-310-0004','mpetrolli13@examiner.com'),(41,'Emmery Sawers','868','2002-03-17','343-309-0091','esawers14@indiegogo.com'),(42,'Aldis Antonelli','701','2020-12-04','586-615-7086','aantonelli15@alexa.com'),(43,'Orville Slarke','444','2008-02-12','684-664-0568','oslarke16@patch.com'),(44,'Stephi Bischop','274','2019-07-04','555-761-2648','sbischop17@nationalgeographic.com'),(45,'Lorinda Avramovitz','208','2004-10-10','151-126-5272','lavramovitz18@cisco.com'),(46,'Geraldine Tivers','576','1990-03-15','238-130-3336','gtivers19@e-recht24.de'),(47,'Roslyn Maiden','650','2010-08-23','986-929-0633','rmaiden1a@hp.com'),(48,'Frederigo Teliga','74','1994-07-27','678-424-9446','fteliga1b@spiegel.de'),(49,'Mead Gaskin','989','1977-05-29','874-952-7729','mgaskin1c@blog.com'),(50,'Madelon Whitely','579','1975-08-15','248-908-5493','mwhitely1d@xinhuanet.com'),(51,'Alphard Huffey','387','1970-08-16','359-665-6801','ahuffey1e@privacy.gov.au'),(52,'Connie Randals','247','2020-04-26','213-615-5714','crandals1f@psu.edu'),(53,'Merle Giroldi','154','1996-05-20','313-885-9139','mgiroldi1g@com.com'),(54,'Mavra Aland','97','1993-11-02','425-958-8154','maland1h@constantcontact.com'),(55,'Maximilien Kittow','487','1994-05-09','103-366-7013','mkittow1i@digg.com'),(56,'Molly Bick','898','1989-05-10','133-345-0378','mbick1j@spiegel.de'),(57,'Arnold Vell','569','2016-12-29','731-240-0356','avell1k@myspace.com'),(58,'Cally Ashmole','250','2002-03-12','685-620-6143','cashmole1l@wordpress.org'),(59,'Jacinthe Kleynermans','112','1991-03-07','727-134-9045','jkleynermans1m@intel.com'),(60,'Winnifred Aimer','135','1979-05-07','477-959-0702','waimer1n@phoca.cz'),(61,'Ira Burgisi','71','2006-12-16','246-976-1221','iburgisi1o@soup.io'),(62,'Marmaduke Arnaudi','997','2013-01-04','743-639-5830','marnaudi1p@blogger.com'),(63,'Truman Kunneke','572','1972-09-15','421-454-1995','tkunneke1q@feedburner.com'),(64,'Andrea Lynas','835','1971-04-17','944-555-5706','alynas1r@google.nl'),(65,'Daveta Allain','117','2015-07-13','451-555-9890','dallain1s@prlog.org'),(66,'Saraann Mainson','128','2020-11-08','982-927-8396','smainson1t@tamu.edu'),(67,'Janey O\'Mullaney','769','2024-05-22','698-250-3612','jomullaney1u@wikispaces.com'),(68,'Rollo Boothebie','3','2024-01-17','537-455-4659','rboothebie1v@sciencedirect.com'),(69,'Dallon Lemonby','622','1985-11-24','367-638-8398','dlemonby1w@surveymonkey.com'),(70,'Cathee Wootton','222','2023-11-21','575-592-0833','cwootton1x@amazon.co.jp'),(71,'Giffer Coronas','437','1989-08-07','482-552-7680','gcoronas1y@last.fm'),(72,'Donetta Keese','642','1984-01-21','250-519-5407','dkeese1z@symantec.com'),(73,'Agathe Tant','550','2010-02-02','584-882-6504','atant20@shareasale.com'),(74,'Tracee Levison','157','2024-02-28','426-614-8137','tlevison21@cnn.com'),(75,'Letizia Burkhill','250','1978-09-23','950-662-0476','lburkhill22@istockphoto.com'),(76,'Cristiano Stancer','418','2016-07-04','593-920-9318','cstancer23@ft.com'),(77,'Michal Kemer','569','2018-07-25','377-885-6321','mkemer24@tamu.edu'),(78,'Wyndham Boik','647','2000-08-23','717-646-1635','wboik25@quantcast.com'),(79,'Clive Sketcher','528','2008-11-14','184-153-0410','csketcher26@1und1.de'),(80,'Crichton Jurek','320','1977-09-06','766-480-9123','cjurek27@discovery.com'),(81,'Omero Franz-Schoninger','48','2023-02-18','393-444-8608','ofranzschoninger28@opera.com'),(82,'Goober Sherland','477','2003-12-15','786-710-4310','gsherland29@angelfire.com'),(83,'Mallory Pischof','434','2005-04-06','497-459-7883','mpischof2a@buzzfeed.com'),(84,'Nikaniki Tarr','760','2006-01-02','680-502-5111','ntarr2b@scientificamerican.com'),(85,'Evelin Signorelli','457','2005-12-09','626-302-6445','esignorelli2c@baidu.com'),(86,'Eustacia Eveleigh','714','2003-03-31','535-333-2260','eeveleigh2d@wikipedia.org'),(87,'Costanza Thirsk','695','1992-07-17','379-339-2731','cthirsk2e@google.co.uk'),(88,'Fidel Falconar','990','1972-01-31','269-213-3620','ffalconar2f@geocities.jp'),(89,'Francklin Yakobowitz','995','1977-03-10','524-399-0547','fyakobowitz2g@hibu.com'),(90,'Ruby Phillpot','929','2017-01-22','706-587-2153','rphillpot2h@smugmug.com'),(91,'Devan Gain','188','2015-05-07','498-309-4971','dgain2i@ihg.com'),(92,'Alisha Jennrich','38','1990-12-19','412-233-5550','ajennrich2j@furl.net'),(93,'Leslie Attack','274','1985-08-17','898-620-6748','lattack2k@unc.edu'),(94,'Tova Maxwale','318','1977-11-30','968-303-8869','tmaxwale2l@goo.ne.jp'),(95,'Sandy Getty','855','1999-09-15','454-622-4616','sgetty2m@delicious.com'),(96,'Verena Ballefant','220','1989-05-28','236-875-5806','vballefant2n@springer.com'),(97,'Delphinia Pointon','317','2007-01-23','352-978-5022','dpointon2o@blogs.com'),(98,'Yancey Urridge','446','1999-10-27','218-389-5131','yurridge2p@house.gov'),(99,'Abby Capell','460','1979-06-24','881-989-4021','acapell2q@theglobeandmail.com'),(100,'Dierdre Inderwick','813','1978-10-10','237-938-7884','dinderwick2r@facebook.com'),(101,'Northrop Tyrwhitt','85','2024-03-10','746-823-0794','ntyrwhitt2s@blogspot.com'),(102,'Henrieta Burtonshaw','518','2006-09-17','417-749-2395','hburtonshaw2t@mail.ru'),(103,'Aldric Iggulden','31','1996-12-16','589-255-2626','aiggulden2u@wikia.com'),(104,'See Rought','34','1995-09-11','746-527-1326','srought2v@accuweather.com'),(105,'Wittie MacElharge','338','1985-04-15','915-909-3851','wmacelharge2w@addthis.com'),(106,'Alfred Dykins','922','1989-12-08','355-405-5039','adykins2x@ebay.co.uk'),(107,'Jennica Emanuelli','391','2002-01-16','837-966-2078','jemanuelli2y@blogger.com'),(108,'Iggy Smithe','227','1972-05-01','964-464-6359','ismithe2z@soundcloud.com'),(109,'Lorna Langtree','832','2010-05-03','154-926-2365','llangtree30@deviantart.com'),(110,'Balduin Ollerton','545','1990-11-18','957-923-8057','bollerton31@cmu.edu'),(111,'Ranique Reardon','464','2006-01-04','339-634-9623','rreardon32@tumblr.com'),(112,'Inglis Dearman','151','1979-11-24','338-284-3072','idearman33@dagondesign.com'),(113,'Glyn Tender','46','1995-02-21','522-693-0586','gtender34@1und1.de'),(114,'Coretta Abadam','707','1985-09-28','515-946-8780','cabadam35@cloudflare.com'),(115,'Conant Riggulsford','365','2016-09-06','530-590-3806','criggulsford36@moonfruit.com'),(116,'Lanna Tow','54','2013-12-10','144-646-1183','ltow37@mapquest.com'),(117,'Franklyn Davage','992','2004-11-19','493-902-7518','fdavage38@spiegel.de'),(118,'Abagael Wadmore','344','1983-01-30','893-238-3551','awadmore39@delicious.com'),(119,'Ajay Muldrew','106','2001-05-12','101-520-6295','amuldrew3a@smh.com.au'),(120,'Hynda Hardaker','214','1997-07-08','587-790-2012','hhardaker3b@skype.com'),(121,'Morie Riach','4','2006-07-27','275-859-8393','mriach3c@salon.com'),(122,'Alfons Moneti','241','2002-04-24','660-285-0650','amoneti3d@harvard.edu'),(123,'Orelle Petty','761','2015-04-16','219-998-7862','opetty3e@hud.gov'),(124,'Maddie Prandini','290','1979-03-08','435-868-9434','mprandini3f@nbcnews.com'),(125,'Konstantine de Copeman','495','1987-11-23','533-121-8039','kde3g@flickr.com'),(126,'Liuka Sugg','264','1990-12-26','814-663-6319','lsugg3h@networkadvertising.org'),(127,'Winfield Waistell','649','1998-08-09','403-404-0101','wwaistell3i@flavors.me'),(128,'Consalve Rawe','532','2004-10-15','408-609-5882','crawe3j@seesaa.net'),(129,'Jeremias Grinter','312','1999-01-24','592-181-1954','jgrinter3k@wufoo.com'),(130,'Odele Langthorne','944','1999-05-11','399-393-2584','olangthorne3l@princeton.edu'),(131,'Lenna Tabner','654','1979-08-20','112-614-4134','ltabner3m@ted.com'),(132,'Mireille Kiffin','652','1987-01-03','540-664-0102','mkiffin3n@live.com'),(133,'Way Olenin','487','1970-12-05','312-422-4025','wolenin3o@mac.com'),(134,'Herc Tamlett','400','1988-02-09','658-597-6159','htamlett3p@canalblog.com'),(135,'Shem Huxton','933','2001-11-23','339-925-1437','shuxton3q@sun.com'),(136,'Debor Evanson','755','2007-12-26','401-622-9908','devanson3r@go.com'),(137,'Danice Sclater','119','1992-12-19','361-792-5271','dsclater3s@ebay.co.uk'),(138,'Emanuele Moodycliffe','150','1983-03-03','815-864-6190','emoodycliffe3t@51.la'),(139,'Iver Styles','270','1979-07-23','214-827-3251','istyles3u@whitehouse.gov'),(140,'Alleen Salthouse','875','1985-03-10','344-426-9460','asalthouse3v@t-online.de'),(141,'Dory Frotton','268','1981-03-29','748-415-8050','dfrotton3w@twitter.com'),(142,'Banky Orht','752','2018-04-09','119-220-0970','borht3x@canalblog.com'),(143,'Elicia McGlue','647','1996-08-05','823-414-1830','emcglue3y@over-blog.com'),(144,'Cecil Basile','693','1992-08-29','743-618-6439','cbasile3z@upenn.edu'),(145,'Feliza Lapwood','324','2021-02-09','118-981-4482','flapwood40@symantec.com'),(146,'Dolorita Ferri','958','1987-10-02','484-308-5836','dferri41@ucoz.com'),(147,'Rosemarie Crowden','397','2022-01-14','405-631-1073','rcrowden42@answers.com'),(148,'Darice Faircloth','523','2019-07-12','393-651-8044','dfaircloth43@nydailynews.com'),(149,'Moishe McCardle','842','2021-09-15','441-544-5049','mmccardle44@google.com.br'),(150,'Ofilia Berthod','752','1984-05-09','830-619-7285','oberthod45@indiegogo.com'),(151,'Natalie Andreazzi','668','1994-01-05','361-246-2178','nandreazzi46@sogou.com'),(152,'Free Sivil','412','1985-07-03','919-503-2760','fsivil47@amazonaws.com'),(153,'Roobbie Goadbie','17','2021-06-02','703-394-7456','rgoadbie48@tripod.com'),(154,'Ellissa Kille','75','1996-04-15','695-765-0619','ekille49@wordpress.com'),(155,'Dorian Ogers','82','2022-12-24','137-808-7410','dogers4a@youtu.be'),(156,'Berenice Betham','387','2017-07-31','520-716-0154','bbetham4b@fotki.com'),(157,'Wayland Braunter','531','1985-02-19','601-872-0729','wbraunter4c@cbsnews.com'),(158,'Kai Fraser','158','2022-01-05','156-419-9090','kfraser4d@icio.us'),(159,'Darnall Philippe','291','2011-08-16','817-751-7081','dphilippe4e@wikia.com'),(160,'Tracie Ramos','275','2010-08-19','930-742-2940','tramos4f@vk.com'),(161,'Gwenette Karlmann','745','1996-08-02','339-645-4137','gkarlmann4g@soup.io'),(162,'Mimi Stoile','525','2015-01-17','869-749-3198','mstoile4h@cnet.com'),(163,'Luella Thraves','361','2022-05-08','845-107-7563','lthraves4i@wufoo.com'),(164,'Curcio Widdup','210','2001-08-12','988-893-2218','cwiddup4j@booking.com'),(165,'Hillel de Wilde','307','2023-07-27','101-932-0806','hde4k@ft.com'),(166,'Micheil Vedekhin','712','2023-10-25','998-962-7863','mvedekhin4l@histats.com'),(167,'Dorris Pastor','544','1995-04-29','243-219-4198','dpastor4m@wunderground.com'),(168,'Pinchas Bouchard','295','1997-11-04','535-917-4102','pbouchard4n@google.ru'),(169,'Ted McRuvie','321','2009-02-22','249-864-3260','tmcruvie4o@t-online.de'),(170,'Richard Foynes','653','1988-08-02','210-771-1428','rfoynes4p@thetimes.co.uk'),(171,'Cord Phillips','413','2007-11-04','557-648-1388','cphillips4q@flavors.me'),(172,'Antonina Snoding','145','1979-09-01','559-366-9813','asnoding4r@java.com'),(173,'Stacy McComb','909','1995-05-12','971-461-4863','smccomb4s@deliciousdays.com'),(174,'Joelly Seeks','257','1998-03-17','669-234-6198','jseeks4t@yellowbook.com'),(175,'Birgit Whorton','18','1984-01-11','932-611-7391','bwhorton4u@craigslist.org'),(176,'Toddie Pocknoll','591','1970-11-01','394-904-7984','tpocknoll4v@posterous.com'),(177,'Rooney Withams','585','1972-08-08','522-746-6641','rwithams4w@pinterest.com'),(178,'Catie Issacov','314','1995-04-06','217-376-9330','cissacov4x@alibaba.com'),(179,'Mellisa Garford','86','2023-10-08','157-493-0812','mgarford4y@businesswire.com'),(180,'Frants Daoust','287','1992-02-29','186-597-1143','fdaoust4z@paypal.com'),(181,'Atlante Currier','129','2013-09-18','769-496-3323','acurrier50@irs.gov'),(182,'Hakim O\'Cahey','548','2018-10-19','862-472-4066','hocahey51@blogs.com'),(183,'Bond Billanie','625','1994-05-20','700-187-0852','bbillanie52@redcross.org'),(184,'Pepe Varley','365','1987-01-28','858-194-9607','pvarley53@fda.gov'),(185,'Catherina Janeczek','175','2020-07-16','978-129-1069','cjaneczek54@fastcompany.com'),(186,'Shaina Hamnett','794','1989-06-23','679-155-5821','shamnett55@bravesites.com'),(187,'Kelcy Withrop','659','1995-04-24','379-496-2473','kwithrop56@google.co.jp'),(188,'Adelaide Heathwood','524','2008-06-24','904-888-4605','aheathwood57@meetup.com'),(189,'Lynde Siehard','55','1976-06-23','600-423-0620','lsiehard58@fc2.com'),(190,'Aaron Kirmond','384','1999-07-01','514-643-3318','akirmond59@last.fm'),(191,'Fanni Bigrigg','950','2013-03-27','691-587-7659','fbigrigg5a@t-online.de'),(192,'Corrie Wasson','205','1985-12-25','831-859-2538','cwasson5b@list-manage.com'),(193,'Boy Yuryichev','738','2019-06-09','855-739-4201','byuryichev5c@newyorker.com'),(194,'Arley Schulke','466','1992-08-04','372-959-6895','aschulke5d@howstuffworks.com'),(195,'Gleda McKilroe','265','1970-02-21','922-239-4644','gmckilroe5e@hostgator.com'),(196,'Stephenie MacTrusty','305','1996-02-21','975-243-3126','smactrusty5f@mapy.cz'),(197,'Cassi Folli','693','2006-03-29','137-990-3846','cfolli5g@nifty.com'),(198,'Allan Dearnley','655','1988-05-10','292-965-3852','adearnley5h@flavors.me'),(199,'Gae Brabham','209','1997-03-19','103-819-4360','gbrabham5i@icio.us'),(200,'Jennee McCaughren','981','2006-04-26','114-931-9109','jmccaughren5j@livejournal.com'),(201,'Willy Cholmondeley','1','2020-08-18','343-311-0473','wcholmondeley5k@mapquest.com'),(202,'Stacy Szymonowicz','647','2008-01-28','265-915-8570','sszymonowicz5l@dedecms.com'),(203,'Hastie Heazel','599','2003-03-24','831-306-3781','hheazel5m@sogou.com'),(204,'Devina Sicely','232','2019-06-26','244-653-8517','dsicely5n@senate.gov'),(205,'Miof mela Rawlins','297','1975-07-06','179-517-2214','mmela5o@newsvine.com'),(206,'Shelly MacGee','598','2009-03-18','478-175-3357','smacgee5p@kickstarter.com'),(207,'Tabbatha Hattoe','790','1976-09-07','136-387-8334','thattoe5q@dmoz.org'),(208,'Morris Halshaw','864','2007-03-20','503-467-5015','mhalshaw5r@lulu.com'),(209,'Cecilius Hagyard','131','1970-12-23','671-710-3111','chagyard5s@forbes.com'),(210,'Joelle Meekins','931','1986-05-19','411-579-8226','jmeekins5t@plala.or.jp'),(211,'Hilde Howton','278','1988-12-12','102-320-9418','hhowton5u@telegraph.co.uk'),(212,'Lem Dowsing','640','1971-10-13','659-227-3280','ldowsing5v@apache.org'),(213,'Josefa Benedidick','847','1984-07-01','291-424-5848','jbenedidick5w@engadget.com'),(214,'Skylar Garnsey','643','1991-10-05','988-230-2633','sgarnsey5x@mozilla.com'),(215,'Egan Carabet','531','2024-04-29','493-416-5276','ecarabet5y@arizona.edu'),(216,'Waldemar Folshom','14','1995-05-06','261-930-8168','wfolshom5z@diigo.com'),(217,'Kissee Tatters','539','1983-02-17','994-973-5574','ktatters60@opera.com'),(218,'Dave Bowfin','135','2013-06-19','770-549-7100','dbowfin61@edublogs.org'),(219,'Wilhelmine Bonicelli','406','2017-04-21','996-107-3741','wbonicelli62@marriott.com'),(220,'Rosemarie Seagar','56','2009-11-04','748-405-6554','rseagar63@ehow.com'),(221,'Ainslee Labell','550','2019-04-30','432-209-1543','alabell64@alibaba.com'),(222,'Sargent Slocumb','6','2002-05-10','559-505-9522','sslocumb65@chronoengine.com'),(223,'Sheila-kathryn Coulthart','1000','2013-09-02','561-689-8140','scoulthart66@geocities.com'),(224,'Tiff Custed','872','1974-03-03','874-970-4768','tcusted67@salon.com'),(225,'Frasco McGilbon','277','2015-01-22','276-413-4048','fmcgilbon68@disqus.com'),(226,'Bruce Poznanski','814','1973-12-01','132-425-9211','bpoznanski69@gravatar.com'),(227,'Karita Bush','104','2024-06-25','918-860-4366','kbush6a@hatena.ne.jp'),(228,'Rowena Mullender','393','2000-02-11','901-925-1715','rmullender6b@hao123.com'),(229,'Stefa Wandrach','48','1982-11-03','313-638-0938','swandrach6c@unicef.org'),(230,'Alix Hallums','666','2005-10-14','699-846-4359','ahallums6d@squarespace.com'),(231,'Anestassia Egell','191','1993-01-27','714-103-6017','aegell6e@whitehouse.gov'),(232,'Bamby Storkes','439','2002-02-05','973-665-9613','bstorkes6f@nytimes.com'),(233,'Charmian Stoeck','266','1994-06-23','253-641-7493','cstoeck6g@psu.edu'),(234,'Gayla Maillard','353','1975-03-01','331-891-6350','gmaillard6h@sphinn.com'),(235,'Tootsie Sellors','654','1980-08-25','566-650-4681','tsellors6i@usa.gov'),(236,'Carey Shelford','617','2003-06-28','437-950-3492','cshelford6j@cocolog-nifty.com'),(237,'Ricki Dopson','663','1979-01-04','286-550-7611','rdopson6k@oaic.gov.au'),(238,'Andrej Hame','547','1978-08-02','389-591-1020','ahame6l@wikispaces.com'),(239,'Skippy Colleford','482','2024-06-18','103-705-5024','scolleford6m@google.cn'),(240,'Annabela Cheetham','955','1971-12-19','247-478-9912','acheetham6n@domainmarket.com'),(241,'Sarette Ridgway','445','2017-01-15','592-478-3442','sridgway6o@so-net.ne.jp'),(242,'Wandie Fullagar','523','1993-03-16','203-395-4079','wfullagar6p@github.com'),(243,'Lucien Briggdale','915','1975-10-22','201-730-7654','lbriggdale6q@virginia.edu'),(244,'Camel Samett','406','2017-03-19','602-347-1879','csamett6r@disqus.com'),(245,'Arlana Medina','150','2010-09-05','201-291-6729','amedina6s@reference.com'),(246,'Marti Troth','112','1984-02-27','621-592-1810','mtroth6t@ft.com'),(247,'Elyn Upson','369','1979-08-24','901-519-4223','eupson6u@marketwatch.com'),(248,'Grant Kilshaw','974','1987-01-27','879-561-7513','gkilshaw6v@yahoo.co.jp'),(249,'Marya Aspling','205','2001-09-05','160-155-8793','maspling6w@answers.com'),(250,'Blayne Wasteney','311','2003-03-12','468-898-9039','bwasteney6x@ifeng.com'),(251,'Tracie Sheldrake','864','1985-12-28','313-867-4411','tsheldrake6y@flickr.com'),(252,'Martina Corish','985','2007-06-01','353-194-8400','mcorish6z@weather.com'),(253,'Zita Featherstonehaugh','6','1992-06-06','488-884-9042','zfeatherstonehaugh70@issuu.com'),(254,'Leda ffrench Beytagh','820','2021-03-30','989-285-3335','lffrench71@ycombinator.com'),(255,'Cody Bothen','337','2007-07-11','909-137-4476','cbothen72@privacy.gov.au'),(256,'Royce Absolom','763','2011-08-09','183-707-5448','rabsolom73@pcworld.com'),(257,'Aimee Cobain','349','2005-09-04','227-115-7767','acobain74@taobao.com'),(258,'Cherianne Peregrine','609','1993-01-11','211-882-4180','cperegrine75@taobao.com'),(259,'Willdon Trewman','255','2008-12-16','318-163-3120','wtrewman76@un.org'),(260,'Janna Jennrich','384','2019-08-25','550-586-8165','jjennrich77@dailymotion.com'),(261,'Jessalin Willgoss','912','1983-01-18','542-391-3826','jwillgoss78@gov.uk'),(262,'Conrade Tipperton','167','1976-07-19','752-645-8696','ctipperton79@123-reg.co.uk'),(263,'Reese Goodwill','521','1990-03-06','333-331-2979','rgoodwill7a@umich.edu'),(264,'Karalynn Brettle','715','2004-05-12','614-109-1306','kbrettle7b@cnn.com'),(265,'Marvin Malthouse','579','1998-04-01','861-999-7361','mmalthouse7c@house.gov'),(266,'Elvina Giottini','609','2007-01-11','390-876-5758','egiottini7d@irs.gov'),(267,'Hedy Sheilds','930','2006-03-06','657-969-3479','hsheilds7e@smh.com.au'),(268,'Graham Scurr','332','1997-09-27','711-280-3177','gscurr7f@toplist.cz'),(269,'Adams MacLeod','653','1988-01-03','511-885-1769','amacleod7g@blogspot.com'),(270,'Wesley de Courcey','566','1989-04-04','832-329-9829','wde7h@blogspot.com'),(271,'Rachael Coutthart','733','2012-10-24','923-800-0990','rcoutthart7i@fotki.com'),(272,'Jimmy Orriss','174','2018-09-20','482-768-8501','jorriss7j@squidoo.com'),(273,'Sholom Kesey','413','1983-01-08','493-674-7943','skesey7k@eventbrite.com'),(274,'Darwin Wynrehame','465','2014-11-28','488-800-5436','dwynrehame7l@google.com.hk'),(275,'Lynda Kinner','903','2020-03-09','355-841-6020','lkinner7m@nih.gov'),(276,'Johan Hampshire','235','2007-01-28','827-950-3915','jhampshire7n@webs.com'),(277,'Alla Jurisch','249','2014-08-03','819-872-1579','ajurisch7o@state.gov'),(278,'Devin Inold','199','1986-12-29','587-794-2293','dinold7p@drupal.org'),(279,'Geri Flew','764','2012-06-01','502-534-1838','gflew7q@quantcast.com'),(280,'Ninnette Geany','534','2001-04-10','380-912-3954','ngeany7r@washington.edu'),(281,'Milli Leftwich','824','2009-12-07','549-294-4851','mleftwich7s@columbia.edu'),(282,'Heinrick Urling','100','2022-04-24','815-641-5087','hurling7t@hp.com'),(283,'Ambrosi Pemble','200','1976-04-25','954-548-8888','apemble7u@newyorker.com'),(284,'Rowe Herche','433','1977-09-19','583-122-9995','rherche7v@tinypic.com'),(285,'Carver Tonn','313','1996-04-02','647-410-7064','ctonn7w@cornell.edu'),(286,'Valencia Goding','132','2011-12-22','810-890-8124','vgoding7x@bloglines.com'),(287,'Ara Eleshenar','858','2023-04-19','254-962-2121','aeleshenar7y@twitpic.com'),(288,'Haleigh Mangenot','338','1974-10-12','304-853-2324','hmangenot7z@accuweather.com'),(289,'Beatrix McClymond','504','2006-03-18','986-279-0093','bmcclymond80@yahoo.com'),(290,'Blakelee Ayshford','25','2004-05-13','859-479-8473','bayshford81@bigcartel.com'),(291,'Chadwick Renzini','506','1976-08-28','227-807-8285','crenzini82@yahoo.com'),(292,'Wadsworth Dissman','407','2024-06-14','756-808-5011','wdissman83@deliciousdays.com'),(293,'Dirk Brinkman','336','1971-02-28','821-147-7976','dbrinkman84@myspace.com'),(294,'Umeko Overpool','690','2015-04-23','891-451-6367','uoverpool85@cornell.edu'),(295,'Truda Bounde','146','2008-03-11','904-189-3214','tbounde86@usatoday.com'),(296,'Adelice Baddam','738','1982-07-02','405-835-0769','abaddam87@blogtalkradio.com'),(297,'Eleonore Dawber','165','1977-06-05','257-241-1800','edawber88@tripadvisor.com'),(298,'Lacie Moodey','563','2020-11-09','988-221-3693','lmoodey89@sogou.com'),(299,'Chip Skrine','90','1999-11-21','688-799-6987','cskrine8a@howstuffworks.com'),(300,'Sibyl Calyton','915','2022-04-19','649-231-3021','scalyton8b@yandex.ru'),(301,'Roma Windous','869','2016-04-25','428-967-3815','rwindous8c@dot.gov'),(302,'Arri Mee','352','1977-06-18','441-830-1724','amee8d@techcrunch.com'),(303,'Silvia Oseman','27','2012-01-04','535-293-0912','soseman8e@sourceforge.net'),(304,'Sheilah Leirmonth','950','2020-03-30','379-520-4532','sleirmonth8f@virginia.edu'),(305,'Delila Skippings','525','2003-08-30','178-832-8743','dskippings8g@squidoo.com'),(306,'Consuelo Veljes','585','1992-09-14','553-126-0303','cveljes8h@msn.com'),(307,'Warner Daniel','688','1998-06-06','443-245-8366','wdaniel8i@macromedia.com'),(308,'Greg Searston','977','2021-08-28','524-815-9054','gsearston8j@howstuffworks.com'),(309,'Ariella Kleinhandler','743','1989-01-16','174-169-8808','akleinhandler8k@huffingtonpost.com'),(310,'Flint Kleyn','807','2013-02-16','616-126-1551','fkleyn8l@typepad.com'),(311,'Willdon Cissen','405','2023-08-16','215-260-5620','wcissen8m@whitehouse.gov'),(312,'Fin Pratchett','638','1980-08-13','533-342-2227','fpratchett8n@nifty.com'),(313,'Monti Lambden','729','2015-11-05','843-153-3730','mlambden8o@eventbrite.com'),(314,'Caprice Lake','6','1971-07-31','873-576-4423','clake8p@psu.edu'),(315,'Sandor Secretan','330','1981-12-19','862-753-0703','ssecretan8q@stanford.edu'),(316,'Osmund Dowdney','210','2017-09-05','886-859-6080','odowdney8r@last.fm'),(317,'Caro Martschke','911','1971-07-18','108-376-7904','cmartschke8s@sourceforge.net'),(318,'Barnett Radband','518','2020-08-05','653-911-5378','bradband8t@goo.ne.jp'),(319,'Hastings Pretswell','79','2016-02-13','601-102-7885','hpretswell8u@dropbox.com'),(320,'Tobe Casbourne','953','2017-10-09','821-978-2708','tcasbourne8v@dot.gov'),(321,'Shelly Sugg','388','1977-04-05','202-499-4201','ssugg8w@amazonaws.com'),(322,'Jazmin Runcie','677','1977-07-29','919-673-5020','jruncie8x@si.edu'),(323,'Tobit Grimsdike','772','1985-01-30','370-309-5360','tgrimsdike8y@accuweather.com'),(324,'Henry Cruces','830','1992-11-01','399-389-1544','hcruces8z@mozilla.org'),(325,'Jory Billham','297','1979-03-15','200-108-9102','jbillham90@comsenz.com'),(326,'Merralee Sineath','400','1984-11-16','649-487-4285','msineath91@rakuten.co.jp'),(327,'Packston Gillet','345','1989-09-08','187-809-5778','pgillet92@cnn.com'),(328,'Morgen Jollie','721','1997-03-01','238-632-6962','mjollie93@usda.gov'),(329,'Arabela Mumberson','639','1999-12-28','708-796-2134','amumberson94@delicious.com'),(330,'Rodrigo Hakeworth','86','1989-07-05','362-777-9345','rhakeworth95@cargocollective.com'),(331,'Tatiana Bullivent','681','1987-11-05','549-957-3671','tbullivent96@chronoengine.com'),(332,'Cy Darinton','436','2022-09-25','885-339-9430','cdarinton97@google.com'),(333,'Malissa Nudd','483','1993-05-24','251-780-2191','mnudd98@jiathis.com'),(334,'Wadsworth Banbury','918','2019-08-09','864-847-2630','wbanbury99@123-reg.co.uk'),(335,'Blinny Khotler','633','2021-10-09','230-592-2039','bkhotler9a@themeforest.net'),(336,'Goober Parmiter','100','2021-06-14','427-452-4783','gparmiter9b@sciencedirect.com'),(337,'Gilberte Roydon','816','2023-02-14','570-329-1033','groydon9c@rediff.com'),(338,'Alexis Guiduzzi','265','1990-07-01','535-257-3346','aguiduzzi9d@shinystat.com'),(339,'Sutherlan Josefowicz','77','2006-04-22','214-791-8905','sjosefowicz9e@wix.com'),(340,'Ced Lagen','314','1987-10-01','423-939-2475','clagen9f@google.fr'),(341,'Antonella Olkowicz','202','1979-07-29','397-430-3487','aolkowicz9g@hp.com'),(342,'Tomas Sim','9','1975-06-23','224-631-4607','tsim9h@yellowbook.com'),(343,'Ulrikaumeko Medling','980','2018-07-05','570-144-5123','umedling9i@tumblr.com'),(344,'Belvia Ruffles','475','2012-07-06','724-651-0661','bruffles9j@feedburner.com'),(345,'Suzanna Burd','937','1978-01-01','480-388-7156','sburd9k@ucla.edu'),(346,'Deloris Bartoli','316','2018-11-10','185-928-3904','dbartoli9l@over-blog.com'),(347,'Bartram Loan','818','1981-08-30','898-926-6521','bloan9m@mail.ru'),(348,'Miguel Freeman','284','1995-08-20','798-400-6942','mfreeman9n@g.co'),(349,'Thaxter Doe','549','1992-04-19','212-785-8081','tdoe9o@drupal.org'),(350,'Danell Lilion','378','2017-02-14','506-926-8131','dlilion9p@blogspot.com'),(351,'Dusty Hastwell','366','1982-05-17','681-203-5480','dhastwell9q@microsoft.com'),(352,'Marion Wimmers','934','1996-01-14','499-170-8326','mwimmers9r@shinystat.com'),(353,'Neil Pears','728','1992-12-24','309-718-2709','npears9s@chron.com'),(354,'Loraine Rapson','507','1971-01-27','394-429-9463','lrapson9t@go.com'),(355,'Blinny Renney','693','2013-01-25','857-474-0544','brenney9u@examiner.com'),(356,'Jocelyn Windas','734','2011-09-06','148-135-3121','jwindas9v@miibeian.gov.cn'),(357,'Ofilia Braizier','703','1992-10-01','578-815-8946','obraizier9w@eventbrite.com'),(358,'Quintus Lilleycrop','13','1994-05-17','188-782-0217','qlilleycrop9x@domainmarket.com'),(359,'Forrester Yankishin','447','1974-01-07','354-412-2404','fyankishin9y@ftc.gov'),(360,'Fanny Skelington','248','1970-07-03','502-105-7674','fskelington9z@histats.com'),(361,'Annmarie Persehouse','856','1974-03-11','405-887-4370','apersehousea0@moonfruit.com'),(362,'Beret McDuffy','872','2009-11-07','264-101-6836','bmcduffya1@over-blog.com'),(363,'Bobbee Crutchley','881','1983-06-24','470-993-7619','bcrutchleya2@alexa.com'),(364,'Garek Mc Faul','884','2015-01-04','572-920-6574','gmca3@walmart.com'),(365,'Andree Bonder','264','2001-04-21','387-765-1227','abondera4@jalbum.net'),(366,'Kania Truggian','108','2021-08-15','344-722-9610','ktruggiana5@google.nl'),(367,'Ebba Greenwell','49','2001-04-24','490-186-6480','egreenwella6@eepurl.com'),(368,'Livy Motherwell','543','2011-08-17','163-107-1682','lmotherwella7@com.com'),(369,'Maje Ashcroft','216','1988-05-27','343-419-6193','mashcrofta8@mapquest.com'),(370,'Vivia Evason','931','2021-04-29','516-530-2115','vevasona9@google.co.uk'),(371,'Halli Dei','489','2017-08-22','866-298-8275','hdeiaa@wisc.edu'),(372,'Rafaello Wilkerson','528','1988-01-14','205-594-1073','rwilkersonab@fc2.com'),(373,'Jarib Worsall','3','1980-05-18','836-464-9533','jworsallac@ted.com'),(374,'Karlene Crankhorn','117','2002-03-30','541-114-5745','kcrankhornad@ucla.edu'),(375,'Guglielmo Sheehan','205','1970-04-11','616-758-1749','gsheehanae@hao123.com'),(376,'Valeda Stoller','613','2013-10-21','758-757-2361','vstolleraf@free.fr'),(377,'Ebeneser Heaker','261','2023-10-06','945-881-6644','eheakerag@answers.com'),(378,'Cynthea Lygoe','502','1996-06-20','974-770-6036','clygoeah@businessweek.com'),(379,'Doretta Romushkin','845','2024-02-16','156-871-7550','dromushkinai@mapy.cz'),(380,'Bambie Butson','979','2020-01-16','153-404-2781','bbutsonaj@hugedomains.com'),(381,'Lynnelle Behrend','12','1992-02-01','232-398-8098','lbehrendak@uol.com.br'),(382,'Winni Passion','557','2021-09-26','486-175-6343','wpassional@fda.gov'),(383,'Elvin Willimont','762','2015-06-29','948-995-6893','ewillimontam@sitemeter.com'),(384,'Cari Buckenhill','789','1986-02-11','624-746-2091','cbuckenhillan@exblog.jp'),(385,'Maressa Hall-Gough','177','1996-04-12','229-579-3142','mhallgoughao@house.gov'),(386,'Camey Spain-Gower','315','1994-08-06','733-504-8449','cspaingowerap@twitpic.com'),(387,'Virginia Aisbett','57','1993-03-23','931-413-3868','vaisbettaq@ebay.co.uk'),(388,'Curran Randles','257','2011-08-15','306-358-8398','crandlesar@symantec.com'),(389,'Otha Brittan','862','1974-01-09','566-749-1514','obrittanas@infoseek.co.jp'),(390,'Sharon Lutzmann','962','1977-07-31','699-621-7332','slutzmannat@diigo.com'),(391,'Hailey McAviy','69','1973-08-28','529-348-0297','hmcaviyau@amazon.com'),(392,'Sheryl Barrowclough','374','1990-09-27','523-457-9888','sbarrowcloughav@weebly.com'),(393,'Ewell Smaile','280','1998-03-20','677-809-7455','esmaileaw@wired.com'),(394,'Lanny Vynehall','790','2001-12-18','313-621-1400','lvynehallax@yahoo.com'),(395,'Bridie Algy','949','2005-12-31','696-635-6860','balgyay@uiuc.edu'),(396,'Koren Stadden','239','2017-08-31','718-339-0363','kstaddenaz@infoseek.co.jp'),(397,'Sax Arman','357','1992-07-06','903-351-8127','sarmanb0@networksolutions.com'),(398,'Brade Bedham','838','2000-07-13','941-223-2676','bbedhamb1@feedburner.com'),(399,'Lorrie Mendel','470','1978-03-14','835-533-9954','lmendelb2@forbes.com'),(400,'Mariel Pennini','608','2024-08-09','707-433-7881','mpenninib3@msn.com'),(401,'Norma Pudsey','919','1996-11-17','466-176-4225','npudseyb4@jalbum.net'),(402,'Idell Tolcher','870','2003-02-02','250-137-9637','itolcherb5@behance.net'),(403,'Elbert Lillicrop','952','2018-03-24','153-702-0727','elillicropb6@acquirethisname.com'),(404,'Rayna Kimberley','882','2010-06-12','816-910-1376','rkimberleyb7@bbb.org'),(405,'Maurits Deakins','177','1990-10-14','254-318-0676','mdeakinsb8@trellian.com'),(406,'Cory Kohrsen','170','1971-05-13','605-245-4612','ckohrsenb9@weather.com'),(407,'Roselle Somes','692','2013-03-29','116-238-3569','rsomesba@phoca.cz'),(408,'Durand Smeed','584','1975-05-23','650-272-4299','dsmeedbb@cyberchimps.com'),(409,'Ginny Dransfield','638','1994-07-03','553-617-1636','gdransfieldbc@ucla.edu'),(410,'Klarika Thorouggood','809','2009-10-16','176-396-8657','kthorouggoodbd@dagondesign.com'),(411,'Jeramey Chasney','627','2023-07-20','529-762-3086','jchasneybe@cocolog-nifty.com'),(412,'Lory Warr','187','2022-01-31','551-249-2586','lwarrbf@washington.edu'),(413,'Kyle Hegg','538','1976-04-28','974-665-0779','kheggbg@cornell.edu'),(414,'Graeme Aronowitz','98','1999-10-11','791-620-4478','garonowitzbh@comcast.net'),(415,'Titus Milillo','372','2012-12-12','585-465-8714','tmilillobi@adobe.com'),(416,'Daveta MacCafferky','984','1984-05-28','495-557-3697','dmaccafferkybj@sciencedirect.com'),(417,'Kennie Cardenosa','158','2004-06-12','620-817-4135','kcardenosabk@51.la'),(418,'Burg Castelijn','365','2023-03-04','193-896-2078','bcastelijnbl@pbs.org'),(419,'Toinette Truitt','558','1990-01-25','229-449-5358','ttruittbm@amazon.de'),(420,'Orion Coxall','833','2020-02-09','717-704-9684','ocoxallbn@indiegogo.com'),(421,'Susanetta Stanbra','523','2022-08-15','829-929-1077','sstanbrabo@yahoo.com'),(422,'Colby Whistlecroft','926','1995-09-04','437-899-6379','cwhistlecroftbp@noaa.gov'),(423,'Teresa Haslen','549','2018-09-11','984-491-9886','thaslenbq@army.mil'),(424,'Yorker Priestman','530','2012-02-21','418-621-3697','ypriestmanbr@hp.com'),(425,'Susanetta Fortie','724','2009-04-03','391-159-8485','sfortiebs@exblog.jp'),(426,'Ulrick Jerzak','240','1981-12-23','956-602-8575','ujerzakbt@opera.com'),(427,'Bryn Dorken','100','1988-02-01','211-242-8096','bdorkenbu@cpanel.net'),(428,'Osgood Byfield','914','2009-08-20','766-578-4860','obyfieldbv@java.com'),(429,'Kikelia Tender','41','2019-10-29','165-318-1526','ktenderbw@shinystat.com'),(430,'Stanly Mintoft','907','2022-11-01','462-204-7230','smintoftbx@uol.com.br'),(431,'Lyell Gilvear','354','1996-02-05','699-918-2511','lgilvearby@adobe.com'),(432,'Tannie Tobias','45','1994-05-25','752-705-8762','ttobiasbz@aol.com'),(433,'Randall Hartles','477','2000-06-13','613-652-4958','rhartlesc0@cornell.edu'),(434,'Gianni Chantler','915','2024-12-23','174-895-9683','gchantlerc1@tiny.cc'),(435,'Lydie Conybear','791','2023-10-21','732-922-4393','lconybearc2@yellowbook.com'),(436,'Gabriello Dorey','54','2001-09-26','156-358-8900','gdoreyc3@intel.com'),(437,'Cherianne Beels','733','1975-01-08','498-602-1377','cbeelsc4@ed.gov'),(438,'Bonnie Rosa','977','1994-08-10','484-927-8135','brosac5@amazon.com'),(439,'Hugibert Allden','703','1987-06-28','785-125-7190','halldenc6@printfriendly.com'),(440,'Tierney Camell','60','2024-09-20','882-926-5135','tcamellc7@tripod.com'),(441,'Sydney Everil','9','1970-07-13','385-165-3444','severilc8@thetimes.co.uk'),(442,'Sebastiano Haville','267','1975-03-04','729-958-0348','shavillec9@nymag.com'),(443,'Gil Dipple','637','1987-03-10','877-782-3478','gdippleca@skype.com'),(444,'Josi Rival','83','1999-08-16','170-996-7349','jrivalcb@microsoft.com'),(445,'Stanfield Gouldstraw','441','2009-09-08','185-869-4660','sgouldstrawcc@canalblog.com'),(446,'Kylila Gumary','916','1990-03-10','597-146-2695','kgumarycd@kickstarter.com'),(447,'Lonnard Linford','163','2015-10-24','787-346-3924','llinfordce@360.cn'),(448,'Edita Allard','301','1991-03-25','813-678-4373','eallardcf@google.de'),(449,'Gregorius Albinson','125','1975-04-08','265-445-8366','galbinsoncg@furl.net'),(450,'Kelsi Banbridge','67','2008-05-19','353-630-2752','kbanbridgech@state.gov'),(451,'Jordanna Pedwell','718','2020-08-22','129-623-2042','jpedwellci@issuu.com'),(452,'Felicle Thorneley','301','2008-04-19','477-312-3958','fthorneleycj@eepurl.com'),(453,'Phil Ritmeyer','963','2010-08-14','215-860-8626','pritmeyerck@clickbank.net'),(454,'Hermann Reeders','713','2011-08-22','565-856-2743','hreederscl@columbia.edu'),(455,'Eugenius D\'Andrea','175','1972-05-04','378-501-4275','edandreacm@wordpress.org'),(456,'Hedwiga Giorgioni','404','1986-10-06','153-179-4904','hgiorgionicn@ovh.net'),(457,'Ulrika Sancias','608','1993-01-17','388-955-0341','usanciasco@admin.ch'),(458,'Alejoa Garbutt','673','1983-12-04','876-303-6729','agarbuttcp@wordpress.org'),(459,'Tracy Shipp','781','1997-03-27','153-821-7815','tshippcq@ucoz.com'),(460,'Kean Crayker','866','1981-05-09','357-217-7514','kcraykercr@hud.gov'),(461,'Svend Sonner','341','2022-10-11','673-874-1922','ssonnercs@forbes.com'),(462,'Carmita Hurleston','57','1983-05-24','997-661-9502','churlestonct@merriam-webster.com'),(463,'Norry McSkin','858','1978-06-24','486-619-8062','nmcskincu@mapquest.com'),(464,'Tracee Prier','408','1996-08-10','897-917-7265','tpriercv@prweb.com'),(465,'Drugi Vasiliu','155','2013-09-07','117-161-2644','dvasiliucw@businessweek.com'),(466,'Dael Frizell','716','2015-11-19','689-192-5497','dfrizellcx@vkontakte.ru'),(467,'Teddie Coffin','894','2020-03-24','370-421-4057','tcoffincy@ebay.co.uk'),(468,'Hogan Ruxton','488','2018-05-27','938-664-6415','hruxtoncz@shareasale.com'),(469,'Gisele Broske','480','1998-11-28','848-753-7156','gbrosked0@google.com'),(470,'Lucia Jost','779','1972-07-10','859-133-9314','ljostd1@fc2.com'),(471,'Joyous Behling','741','2017-12-04','194-585-8851','jbehlingd2@ucsd.edu'),(472,'Kelci Hackworthy','175','1976-11-09','864-973-7462','khackworthyd3@deviantart.com'),(473,'Judd Spavins','943','1984-12-15','829-378-2946','jspavinsd4@slate.com'),(474,'Norry Lyfield','567','2019-08-25','354-198-2115','nlyfieldd5@woothemes.com'),(475,'Lauryn Gingold','277','1978-06-09','998-974-2118','lgingoldd6@theguardian.com'),(476,'Skyler Pitford','730','2015-06-09','976-120-4369','spitfordd7@economist.com'),(477,'Elias Wellan','776','1989-05-04','792-108-8992','ewelland8@accuweather.com'),(478,'Cly Huffey','699','1981-07-13','613-294-3655','chuffeyd9@guardian.co.uk'),(479,'Mable Debold','114','2006-03-31','937-588-1699','mdeboldda@msu.edu'),(480,'Maible Kimmerling','83','1986-12-24','652-811-9805','mkimmerlingdb@amazon.de'),(481,'Ignacius Skerm','616','1991-02-08','753-696-5156','iskermdc@accuweather.com'),(482,'Conchita Cornehl','126','2013-12-29','896-401-3169','ccornehldd@netvibes.com'),(483,'Izaak Ong','813','2014-09-04','142-774-8006','iongde@house.gov'),(484,'Willey Yegorovnin','906','1981-08-04','955-207-5910','wyegorovnindf@businesswire.com'),(485,'Willa Korous','599','2008-01-26','983-532-8793','wkorousdg@quantcast.com'),(486,'Drud Bonar','755','2021-08-02','450-754-1125','dbonardh@spiegel.de'),(487,'Patrica Charters','468','2019-05-16','855-893-1925','pchartersdi@weebly.com'),(488,'Gillie Ayerst','956','1991-02-16','635-562-8334','gayerstdj@sakura.ne.jp'),(489,'Anatole Winward','554','1971-12-09','545-135-9032','awinwarddk@cyberchimps.com'),(490,'Aurelea Prescote','461','1993-12-06','211-643-8811','aprescotedl@cocolog-nifty.com'),(491,'Duff Townrow','822','1970-07-31','275-107-6883','dtownrowdm@4shared.com'),(492,'Melli Damato','243','2011-04-06','476-382-7183','mdamatodn@huffingtonpost.com'),(493,'Leif Eskrick','540','2010-12-07','211-542-5088','leskrickdo@abc.net.au'),(494,'Marlo Rudgard','981','2021-07-09','822-914-6506','mrudgarddp@sohu.com'),(495,'Kort Hatchard','759','2023-07-16','440-189-5983','khatcharddq@merriam-webster.com'),(496,'Will Cockle','173','1996-04-15','403-714-5784','wcockledr@amazon.co.uk'),(497,'Helene Nyland','427','1976-10-03','924-359-8510','hnylandds@uiuc.edu'),(498,'Dillie Kobel','297','2000-02-29','198-302-0364','dkobeldt@privacy.gov.au'),(499,'Naoma Haycroft','535','2008-03-27','536-942-9380','nhaycroftdu@sun.com'),(500,'Payton Bover','499','1974-04-11','536-303-4506','pboverdv@amazon.co.jp'),(501,'Teddy Pinckney','22','1971-11-22','935-242-3000','tpinckneydw@hexun.com'),(502,'Karolina Iacovacci','46','1988-10-25','540-104-8113','kiacovaccidx@discuz.net'),(503,'Carolynn Lodovichi','363','2003-09-30','647-658-1298','clodovichidy@howstuffworks.com'),(504,'Garv Presser','918','1992-10-28','374-994-0366','gpresserdz@simplemachines.org'),(505,'Verna Corser','990','1978-10-02','891-145-2303','vcorsere0@statcounter.com'),(506,'Leonard Petegrew','80','2024-03-21','199-183-0230','lpetegrewe1@latimes.com'),(507,'Bevon Finneran','456','1975-12-22','959-921-1085','bfinnerane2@addtoany.com'),(508,'Kirby Seaking','951','2017-02-21','351-827-7348','kseakinge3@gravatar.com'),(509,'Kermy Frostdicke','305','1991-08-21','382-953-2490','kfrostdickee4@blogger.com'),(510,'Elvira Boliver','442','2006-06-19','444-710-4465','ebolivere5@indiatimes.com'),(511,'Valma Neasham','109','2016-04-15','106-278-4313','vneashame6@ebay.com'),(512,'Jillie Lambourne','412','1971-11-08','845-867-3731','jlambournee7@hao123.com'),(513,'Elsbeth Tethacot','208','1997-12-18','911-831-1917','etethacote8@exblog.jp'),(514,'Melina Liggins','107','2007-03-25','409-250-0098','mligginse9@aboutads.info'),(515,'Trix Harder','556','1999-09-02','847-762-0496','tharderea@quantcast.com'),(516,'Kiley Lessmare','599','2015-03-06','952-663-6100','klessmareeb@omniture.com'),(517,'Artair Wozencraft','824','1996-10-03','692-340-7603','awozencraftec@csmonitor.com'),(518,'Stephana Hanhardt','371','1977-12-29','966-219-7044','shanhardted@miitbeian.gov.cn'),(519,'Tait Erington','205','2011-04-16','869-103-0227','teringtonee@walmart.com'),(520,'Ed Hambatch','926','2001-01-04','414-403-4283','ehambatchef@yolasite.com'),(521,'Tedda Rowe','627','2018-02-17','710-611-9993','troweeg@deliciousdays.com'),(522,'Lauraine Crus','140','2024-03-11','596-573-2477','lcruseh@t.co'),(523,'Willyt McMurty','605','2020-09-07','516-848-3993','wmcmurtyei@netscape.com'),(524,'Jo ann Pardey','878','1975-04-13','908-671-8312','jannej@infoseek.co.jp'),(525,'Kinny Budnik','3','2021-07-01','499-691-5602','kbudnikek@reddit.com'),(526,'Neille Appleton','55','1993-08-31','577-259-0550','nappletonel@apache.org'),(527,'Debera Boshell','52','1995-10-09','450-706-4195','dboshellem@mac.com'),(528,'Doroteya D\'Acth','406','1980-02-29','128-718-8709','ddacthen@sphinn.com'),(529,'Madella Chritchlow','580','2007-04-24','972-279-6869','mchritchloweo@privacy.gov.au'),(530,'Wilmette Ferrotti','714','1993-09-06','913-129-6778','wferrottiep@w3.org'),(531,'Carlyle Mewhirter','811','1994-04-15','881-145-3431','cmewhirtereq@a8.net'),(532,'Robena Ector','239','1977-10-27','438-671-2266','rectorer@harvard.edu'),(533,'Jerrie Harbottle','920','1999-12-15','263-878-2521','jharbottlees@hatena.ne.jp'),(534,'Aloysia Suttell','553','1999-10-29','992-845-1679','asuttellet@php.net'),(535,'Goober Kilpatrick','506','2008-10-21','964-658-9184','gkilpatrickeu@printfriendly.com'),(536,'Charlotta Mackerel','381','1979-11-17','218-282-5165','cmackerelev@berkeley.edu'),(537,'Gaby Hunnybun','232','2004-05-18','329-569-1347','ghunnybunew@fda.gov'),(538,'Darill Skoate','323','1976-08-10','890-585-1811','dskoateex@bloglovin.com'),(539,'Glendon Antosch','451','1971-06-01','995-338-6821','gantoschey@ebay.co.uk'),(540,'Carlye Goodered','431','1993-01-05','268-545-5989','cgooderedez@unblog.fr'),(541,'Katee Blewmen','904','2016-01-04','906-596-0986','kblewmenf0@gravatar.com'),(542,'Shepperd Reichert','812','1978-05-16','418-563-0706','sreichertf1@photobucket.com'),(543,'Channa McGlade','388','1988-04-01','964-529-8486','cmcgladef2@biblegateway.com'),(544,'Nariko Mollin','441','2000-10-06','396-567-7173','nmollinf3@spotify.com'),(545,'Maggie Torrisi','277','1983-05-08','224-216-0438','mtorrisif4@berkeley.edu'),(546,'Helga McBryde','646','2003-05-01','803-340-1324','hmcbrydef5@hp.com'),(547,'Townsend Woodburn','582','1973-01-23','132-942-8438','twoodburnf6@bizjournals.com'),(548,'Barnabas Hilhouse','831','1986-04-13','309-419-1286','bhilhousef7@nymag.com'),(549,'Karilynn Fines','607','1986-12-04','471-163-5832','kfinesf8@cnet.com'),(550,'Milli Verbeek','547','2023-10-11','429-694-8511','mverbeekf9@surveymonkey.com'),(551,'Aidan Wallhead','402','2004-09-23','134-834-7031','awallheadfa@kickstarter.com'),(552,'Howie Rodda','735','1975-12-04','560-193-3645','hroddafb@istockphoto.com'),(553,'Kristien McNeish','978','2011-05-03','541-190-4325','kmcneishfc@theguardian.com'),(554,'Ebba Escale','576','1971-12-02','884-295-7241','eescalefd@pcworld.com'),(555,'Cassie Winterscale','953','1980-01-23','696-729-8308','cwinterscalefe@bigcartel.com'),(556,'Kirsten Hought','971','2008-02-19','134-610-5594','khoughtff@prlog.org'),(557,'Shannon Dayer','98','1991-03-03','133-363-4182','sdayerfg@va.gov'),(558,'Aubry Carnson','873','1970-03-08','863-628-5806','acarnsonfh@sun.com'),(559,'Gwen Tickle','835','2002-03-31','619-548-8573','gticklefi@liveinternet.ru'),(560,'Brenn Cobbe','820','1992-10-26','231-345-3815','bcobbefj@walmart.com'),(561,'Truda Poate','412','2014-02-03','512-809-7057','tpoatefk@eventbrite.com'),(562,'Julietta Muldownie','182','1975-08-21','223-241-7288','jmuldowniefl@wikispaces.com'),(563,'Loretta Lumbers','423','1983-02-21','268-739-2373','llumbersfm@msn.com'),(564,'Stanly Balke','30','2012-07-20','322-972-2804','sbalkefn@google.com.hk'),(565,'Rollins Mc Combe','647','1983-02-28','240-330-0701','rmcfo@tripod.com'),(566,'Tricia Hawkswell','320','2006-04-25','358-428-6998','thawkswellfp@icio.us'),(567,'Morris Kilborn','260','2014-10-31','464-776-5357','mkilbornfq@diigo.com'),(568,'Michele Brownsett','690','2013-09-07','463-972-8170','mbrownsettfr@imgur.com'),(569,'Kiley Mateev','69','1982-10-13','908-987-0520','kmateevfs@who.int'),(570,'Osgood Cranfield','747','1992-01-18','707-212-8321','ocranfieldft@usda.gov'),(571,'Kala Reinhard','753','2000-12-27','823-426-7939','kreinhardfu@uol.com.br'),(572,'Leann Lamacraft','86','1972-09-25','994-891-7744','llamacraftfv@sohu.com'),(573,'Drusilla Feaks','131','2003-01-28','114-939-9081','dfeaksfw@forbes.com'),(574,'Carolyn Tiery','573','1972-05-06','449-689-1193','ctieryfx@wisc.edu'),(575,'Harmon Duchan','938','1999-12-13','747-632-5568','hduchanfy@umn.edu'),(576,'Marlow Maccrea','975','1974-05-20','800-998-7315','mmaccreafz@google.fr'),(577,'Rhona Press','627','1988-03-04','197-174-9621','rpressg0@wufoo.com'),(578,'Janis Sheepy','472','1971-09-19','801-588-1362','jsheepyg1@merriam-webster.com'),(579,'Robenia Chantler','683','1998-06-28','668-380-3400','rchantlerg2@buzzfeed.com'),(580,'Sloane Hargroves','133','2003-01-01','375-237-1424','shargrovesg3@webnode.com'),(581,'Collen Wagnerin','671','1987-01-22','557-530-4986','cwagnering4@geocities.com'),(582,'Veradis Stille','358','2011-12-14','265-855-0101','vstilleg5@infoseek.co.jp'),(583,'Sherlocke Ruckert','369','1970-05-29','306-459-1838','sruckertg6@walmart.com'),(584,'Shae Paolini','204','1997-02-26','766-612-2666','spaolinig7@imgur.com'),(585,'Baldwin Yankishin','364','1971-01-24','103-922-8939','byankishing8@baidu.com'),(586,'Alonso Tullot','374','1976-10-01','457-948-4788','atullotg9@ehow.com'),(587,'Evangeline Norvill','622','2006-05-24','841-116-2690','enorvillga@un.org'),(588,'Layla Goodband','952','1984-11-21','718-471-0794','lgoodbandgb@noaa.gov'),(589,'Sanders By','447','1997-12-09','361-968-2852','sbygc@cam.ac.uk'),(590,'Nataline Albone','594','1970-05-21','619-812-0818','nalbonegd@fotki.com'),(591,'Brook Collisson','745','2010-01-25','583-532-3601','bcollissonge@senate.gov'),(592,'Ignatius Hainey`','153','2017-12-09','968-852-1115','ihaineygf@imageshack.us'),(593,'Godard Chadburn','479','2024-03-14','401-939-9901','gchadburngg@umich.edu'),(594,'Kevina Lober','754','1979-03-18','957-720-6014','klobergh@soup.io'),(595,'Constantia Seligson','835','2022-05-25','256-300-7881','cseligsongi@ameblo.jp'),(596,'Auberta Spinney','40','1983-01-27','739-330-0671','aspinneygj@facebook.com'),(597,'Isidora Warrington','93','2003-10-27','743-337-9757','iwarringtongk@samsung.com'),(598,'Yank Kubis','835','2010-06-22','437-256-1625','ykubisgl@cocolog-nifty.com'),(599,'Gale Conlaund','988','2024-03-07','723-379-1073','gconlaundgm@studiopress.com'),(600,'Nelia Langham','358','1979-05-28','765-356-1165','nlanghamgn@theatlantic.com'),(601,'Quinn Freddi','109','2013-06-22','603-513-8932','qfreddigo@ftc.gov'),(602,'Terri-jo Cranstoun','82','1982-09-21','836-695-5111','tcranstoungp@comsenz.com'),(603,'Garrick Fyfe','207','1972-09-04','163-240-3011','gfyfegq@wix.com'),(604,'Korella Angric','549','1979-01-08','118-875-1457','kangricgr@taobao.com'),(605,'Ashli Conibear','938','1971-03-05','796-135-8917','aconibeargs@google.cn'),(606,'Samson Jeandeau','628','1980-09-18','922-303-1446','sjeandeaugt@apache.org'),(607,'Cobby Nemchinov','286','1971-05-30','309-994-1459','cnemchinovgu@nih.gov'),(608,'Tally Kenlin','340','1986-12-27','509-288-5240','tkenlingv@gov.uk'),(609,'Orran Ughi','35','2023-07-25','889-165-2121','oughigw@harvard.edu'),(610,'Cicely Callington','271','1976-12-26','298-182-6342','ccallingtongx@nih.gov'),(611,'Casar Terne','280','2013-04-28','611-245-7107','cternegy@comsenz.com'),(612,'Teddie Gladdor','722','2013-02-01','236-316-5126','tgladdorgz@umich.edu'),(613,'Tedi Coneron','543','1996-06-28','756-969-1259','tconeronh0@tumblr.com'),(614,'Harwell Rait','170','2020-11-27','399-539-8123','hraith1@goo.gl'),(615,'Brynn Sewley','798','1987-07-11','206-483-8679','bsewleyh2@ebay.co.uk'),(616,'Janet Saice','983','1993-08-11','870-652-3408','jsaiceh3@foxnews.com'),(617,'Nonie Suatt','543','1981-08-07','426-791-0733','nsuatth4@creativecommons.org'),(618,'Clarice Franssen','604','2006-02-28','391-626-1651','cfranssenh5@cbc.ca'),(619,'Sabina Dunkerley','247','1999-12-02','782-789-9912','sdunkerleyh6@usatoday.com'),(620,'Woodie Sayward','551','1992-12-01','697-143-0837','wsaywardh7@mapquest.com'),(621,'Thorpe Holley','763','2009-08-17','314-546-9856','tholleyh8@accuweather.com'),(622,'Hogan Wagon','922','1986-07-13','600-952-1347','hwagonh9@dion.ne.jp'),(623,'Ram Birchenough','119','2006-06-22','577-710-1410','rbirchenoughha@reference.com'),(624,'Mycah Shard','621','1998-03-12','743-782-0329','mshardhb@ftc.gov'),(625,'Shanta Ferry','896','1977-06-03','905-660-5982','sferryhc@prnewswire.com'),(626,'Stephine Blaiklock','59','1975-09-11','123-687-7080','sblaiklockhd@bing.com'),(627,'Ellswerth Bickerstasse','406','2003-05-20','511-290-3036','ebickerstassehe@tripadvisor.com'),(628,'Gaylord Waitland','320','1995-07-23','574-740-1781','gwaitlandhf@yale.edu'),(629,'Baldwin Howsin','842','1977-07-05','256-675-1701','bhowsinhg@macromedia.com'),(630,'Raymund Pierrepoint','2','1970-03-23','682-834-2032','rpierrepointhh@google.com'),(631,'Carroll Burberow','965','1991-10-05','431-646-4060','cburberowhi@hostgator.com'),(632,'Heindrick Dudill','75','2000-02-01','309-968-8103','hdudillhj@delicious.com'),(633,'Silva Dy','76','2022-05-13','359-554-4497','sdyhk@ustream.tv'),(634,'Glen Cole','364','1990-10-21','372-727-6766','gcolehl@apple.com'),(635,'Emmery Dalston','482','1992-05-15','627-553-0934','edalstonhm@mozilla.org'),(636,'Kiersten Huxton','927','1987-07-26','249-103-8545','khuxtonhn@unicef.org'),(637,'Anastassia Dresser','999','1972-03-14','175-532-5893','adresserho@weibo.com'),(638,'Artemus Bartle','434','2023-11-20','839-923-3529','abartlehp@buzzfeed.com'),(639,'Jorgan Piotrowski','765','2021-03-05','166-666-4562','jpiotrowskihq@marketwatch.com'),(640,'Sax Vautier','134','1987-11-18','545-991-2783','svautierhr@examiner.com'),(641,'Shelbi Behne','570','1975-05-01','506-940-2398','sbehnehs@wikia.com'),(642,'Vinnie Haldene','189','2008-09-26','976-140-1803','vhaldeneht@usgs.gov'),(643,'Enrica Chappelow','934','1997-09-26','290-929-4421','echappelowhu@buzzfeed.com'),(644,'Elysee Robeiro','205','1991-08-18','272-621-2650','erobeirohv@cbc.ca'),(645,'Flint Verillo','734','2012-12-09','964-887-2607','fverillohw@umn.edu'),(646,'Melania Schapiro','984','1974-10-25','508-552-9310','mschapirohx@over-blog.com'),(647,'Jenni Kydde','730','2018-05-24','983-100-6013','jkyddehy@mtv.com'),(648,'Doro Bottrill','317','1991-08-04','130-386-6669','dbottrillhz@theglobeandmail.com'),(649,'Gene Kippling','530','1994-07-29','250-140-3226','gkipplingi0@ning.com'),(650,'Micheline Simonato','624','2017-07-04','970-837-9376','msimonatoi1@irs.gov'),(651,'Kelsey Wolvey','532','2007-08-01','689-232-2579','kwolveyi2@cpanel.net'),(652,'Cam Covotti','588','1986-10-06','787-467-1819','ccovottii3@trellian.com'),(653,'Sinclair Marde','161','2007-06-30','210-508-9733','smardei4@geocities.com'),(654,'Aretha Ramme','586','1999-10-04','701-439-5157','arammei5@reddit.com'),(655,'Elisabet Bover','947','1973-08-07','524-237-6279','eboveri6@japanpost.jp'),(656,'Travers Deesly','184','2014-11-14','720-855-1353','tdeeslyi7@ibm.com'),(657,'Gino Bree','371','2022-07-08','529-535-1415','gbreei8@nsw.gov.au'),(658,'Lemuel Thorogood','570','2010-03-12','738-434-4013','lthorogoodi9@timesonline.co.uk'),(659,'Falkner Calley','732','2016-05-16','964-126-7849','fcalleyia@flickr.com'),(660,'Pryce Dusting','273','2019-03-29','498-844-3526','pdustingib@hc360.com'),(661,'Danyelle Kondrat','997','2000-12-17','929-844-6976','dkondratic@wiley.com'),(662,'Brendin Jenik','697','2007-07-26','533-683-0785','bjenikid@sakura.ne.jp'),(663,'Ruthy Fitzjohn','689','2007-01-15','852-891-9766','rfitzjohnie@skyrock.com'),(664,'Nico Pudney','832','2007-03-09','999-653-1101','npudneyif@dagondesign.com'),(665,'Von Philbrook','946','1999-11-06','756-998-1183','vphilbrookig@cargocollective.com'),(666,'Shoshanna Farbrace','482','2020-09-18','729-242-8310','sfarbraceih@csmonitor.com'),(667,'Joshuah Boniface','200','2015-06-08','939-386-1263','jbonifaceii@1und1.de'),(668,'Shelby Gregol','809','2018-04-22','864-324-9399','sgregolij@youku.com'),(669,'Elie Cutteridge','138','1993-08-19','526-263-9519','ecutteridgeik@e-recht24.de'),(670,'Elke Beaufoy','884','1997-08-31','932-708-6100','ebeaufoyil@parallels.com'),(671,'Teirtza Riby','522','2009-09-27','128-903-7735','tribyim@businessweek.com'),(672,'Devlin Marriner','556','2022-04-10','116-493-8474','dmarrinerin@elegantthemes.com'),(673,'Constantine Manketell','541','1996-11-16','626-134-5279','cmanketellio@yahoo.com'),(674,'Jobi Marden','220','2004-12-14','909-557-8861','jmardenip@noaa.gov'),(675,'Andre Bernetti','433','1981-08-18','786-542-7351','abernettiiq@bloomberg.com'),(676,'Moll Startin','93','1986-02-22','106-583-4115','mstartinir@indiatimes.com'),(677,'Robby Poulston','645','1976-10-27','513-464-5202','rpoulstonis@archive.org'),(678,'Somerset Szymanowski','693','2021-11-28','868-746-1346','sszymanowskiit@google.ru'),(679,'Nicolle Coughlan','718','1983-03-15','626-398-2508','ncoughlaniu@goo.gl'),(680,'Gerard Birkmyre','933','1977-09-16','431-744-7143','gbirkmyreiv@chronoengine.com'),(681,'Levin Mullany','678','2004-01-22','621-187-8130','lmullanyiw@bing.com'),(682,'Zollie Antonomoli','715','1977-08-25','568-332-2661','zantonomoliix@mit.edu'),(683,'Rosaline Gallardo','476','1990-09-12','175-957-5169','rgallardoiy@utexas.edu'),(684,'Ara Swinglehurst','174','2001-07-22','356-837-9112','aswinglehurstiz@youtu.be'),(685,'Lorena Wilmott','57','1998-11-11','616-919-5451','lwilmottj0@mapy.cz'),(686,'Delilah Luce','765','1996-06-08','841-642-7702','dlucej1@cnn.com'),(687,'Bernete Palleske','887','2009-01-23','941-311-0209','bpalleskej2@wsj.com'),(688,'Westbrook Paxton','78','1987-07-27','743-442-9031','wpaxtonj3@hugedomains.com'),(689,'Saunder Columbell','348','1975-11-26','390-627-9638','scolumbellj4@desdev.cn'),(690,'Allan Mc Comb','566','1980-07-30','823-256-2883','amcj5@cyberchimps.com'),(691,'Paige Mainson','734','1978-04-14','923-645-7835','pmainsonj6@newyorker.com'),(692,'Klemens Mather','368','1972-04-16','413-605-5980','kmatherj7@squarespace.com'),(693,'Christye Wickenden','630','2007-01-21','596-676-2244','cwickendenj8@123-reg.co.uk'),(694,'Audry Rassell','336','2014-07-19','159-991-3780','arassellj9@a8.net'),(695,'Allegra Earney','233','1976-08-09','225-794-6823','aearneyja@wordpress.com'),(696,'Christoph Gatiss','134','1983-01-23','997-314-3589','cgatissjb@parallels.com'),(697,'Ricardo Ivermee','543','1993-04-21','184-199-8264','rivermeejc@blogger.com'),(698,'Tiffanie Mortimer','186','1987-10-07','834-439-7275','tmortimerjd@flickr.com'),(699,'Granny Widdup','570','1986-05-13','748-255-8194','gwiddupje@php.net'),(700,'Madalyn Daysh','152','1982-01-12','382-199-6882','mdayshjf@usnews.com'),(701,'Annmaria Beevor','399','1975-06-06','788-466-0991','abeevorjg@chronoengine.com'),(702,'Darla Cocker','845','1970-03-06','435-329-3181','dcockerjh@miitbeian.gov.cn'),(703,'Theodor Sheasby','707','1994-03-05','468-753-2986','tsheasbyji@cbslocal.com'),(704,'Henrie Mockford','164','2007-06-05','977-804-5049','hmockfordjj@toplist.cz'),(705,'Brana Curgenven','824','1987-08-30','346-549-1711','bcurgenvenjk@ocn.ne.jp'),(706,'Conny Perel','234','1992-06-20','539-763-8834','cpereljl@go.com'),(707,'Isadora Rapps','383','1987-07-26','238-229-6734','irappsjm@altervista.org'),(708,'Sharla Dhillon','755','2021-06-10','220-564-4776','sdhillonjn@networksolutions.com'),(709,'Crissy Tulloch','582','1983-11-19','161-982-6411','ctullochjo@exblog.jp'),(710,'Elana Bowell','342','2004-11-04','523-499-5410','ebowelljp@twitpic.com'),(711,'Welbie Bikker','640','2014-08-08','682-808-2397','wbikkerjq@google.co.uk'),(712,'Glenna Culligan','662','1980-11-23','718-699-4711','gculliganjr@hhs.gov'),(713,'Rufus Sibary','724','1983-06-04','463-790-5432','rsibaryjs@digg.com'),(714,'Candice Kinze','741','2016-07-19','774-788-4125','ckinzejt@exblog.jp'),(715,'Mead Portman','715','1991-07-08','326-591-3798','mportmanju@wix.com'),(716,'Sharai Croutear','788','1995-03-07','297-279-1202','scroutearjv@booking.com'),(717,'Terra McClounan','546','2005-09-30','956-555-5531','tmcclounanjw@whitehouse.gov'),(718,'Hy Huggett','573','1982-07-10','275-380-1596','hhuggettjx@about.com'),(719,'Patricia Fernier','254','1985-08-06','761-430-7957','pfernierjy@aboutads.info'),(720,'Anatole Braker','934','1993-02-23','447-790-9224','abrakerjz@engadget.com'),(721,'Niki Lesaunier','467','2020-04-23','796-122-8213','nlesaunierk0@techcrunch.com'),(722,'Adelheid Oliva','222','2022-10-24','677-678-8728','aolivak1@epa.gov'),(723,'Merrick Baudasso','294','1987-04-11','533-164-6049','mbaudassok2@eventbrite.com'),(724,'Vivia Kitching','516','1989-04-18','926-568-8018','vkitchingk3@woothemes.com'),(725,'Lonny Kalvin','282','2003-06-25','389-190-1074','lkalvink4@yelp.com'),(726,'Donia Jordi','953','2020-12-14','328-380-9719','djordik5@icio.us'),(727,'Allard Rawcliffe','397','1986-04-06','531-434-1986','arawcliffek6@digg.com'),(728,'Purcell Elnough','451','1998-05-09','689-290-3785','pelnoughk7@salon.com'),(729,'Nana Kedie','776','1976-02-14','336-780-1115','nkediek8@google.pl'),(730,'Leora Shemmin','800','1976-01-02','746-608-7306','lshemmink9@cdbaby.com'),(731,'Etta Stolberger','556','2009-11-20','775-135-9763','estolbergerka@sfgate.com'),(732,'Burtie Juanes','927','2006-11-16','436-529-5471','bjuaneskb@dion.ne.jp'),(733,'Aurlie Gaisford','564','2014-10-18','918-146-1569','agaisfordkc@nhs.uk'),(734,'Ilsa Hamm','893','1991-10-26','532-195-8700','ihammkd@skyrock.com'),(735,'Neila Jackways','57','2005-10-19','164-523-2357','njackwayske@abc.net.au'),(736,'Estel Dayne','99','1990-02-26','501-497-2329','edaynekf@plala.or.jp'),(737,'Perri Corradetti','889','2021-07-14','493-845-4436','pcorradettikg@wufoo.com'),(738,'Berty Horburgh','95','2011-05-27','336-838-3416','bhorburghkh@sogou.com'),(739,'Walsh Chipman','730','1996-04-22','384-463-9568','wchipmanki@nifty.com'),(740,'Ricky Ruger','69','2020-11-18','691-627-6849','rrugerkj@quantcast.com'),(741,'Rebbecca Healings','99','2011-08-14','615-291-9084','rhealingskk@github.com'),(742,'Whitney Mollin','28','1975-11-25','908-535-9415','wmollinkl@altervista.org'),(743,'Annnora Ludy','531','1974-07-06','211-977-3202','aludykm@archive.org'),(744,'Yorgos Head','717','2008-10-27','985-438-7190','yheadkn@ucoz.com'),(745,'Aurelia Merrison','744','1985-05-03','127-679-6563','amerrisonko@twitpic.com'),(746,'Lynna Gorwood','107','2006-04-30','356-342-2781','lgorwoodkp@nifty.com'),(747,'Enrichetta Moorcroft','827','1990-05-24','979-866-0853','emoorcroftkq@163.com'),(748,'Latisha Lindner','51','2021-07-12','472-815-3028','llindnerkr@github.io'),(749,'Emmy Dubble','155','2007-09-24','222-961-0710','edubbleks@google.com.hk'),(750,'Courtney Plumptre','94','2021-09-20','210-303-6968','cplumptrekt@squarespace.com'),(751,'Roch Brinsford','301','1971-11-15','282-617-7793','rbrinsfordku@opensource.org'),(752,'Kareem Hinners','689','1974-03-26','355-869-9241','khinnerskv@economist.com'),(753,'Terra Snasel','429','1975-10-10','186-469-5198','tsnaselkw@va.gov'),(754,'Bradan Konrad','815','1975-07-18','979-896-1106','bkonradkx@nifty.com'),(755,'Laina Hasard','230','1984-07-30','385-456-0943','lhasardky@cdc.gov'),(756,'Isaac Coopey','537','1981-10-02','703-892-8500','icoopeykz@vkontakte.ru'),(757,'Kelcy Oldman','507','1982-04-24','106-731-9820','koldmanl0@so-net.ne.jp'),(758,'Ozzy Sambells','709','1975-03-12','484-515-1513','osambellsl1@unicef.org'),(759,'Mathian Caldero','752','2023-11-27','895-133-9111','mcalderol2@bing.com'),(760,'Lindsey Arden','967','2015-10-23','111-516-0840','lardenl3@t-online.de'),(761,'Melvin McLeary','7','1979-12-26','229-384-8985','mmclearyl4@histats.com'),(762,'Dietrich Maunsell','647','2014-11-08','377-487-8643','dmaunselll5@home.pl'),(763,'Edythe Caverhill','975','1971-02-02','673-648-4628','ecaverhilll6@dell.com'),(764,'Millicent Winborn','888','1982-05-11','167-723-2115','mwinbornl7@slashdot.org'),(765,'Remy Pomfrey','760','1985-01-27','336-392-7107','rpomfreyl8@fc2.com'),(766,'Lodovico McVanamy','541','2007-04-11','458-343-2811','lmcvanamyl9@w3.org'),(767,'Philipa Mc Ilory','324','2017-01-22','758-706-4061','pmcla@t-online.de'),(768,'Calhoun Daintree','598','1970-11-10','599-114-3694','cdaintreelb@mysql.com'),(769,'Orelie Malster','322','2007-03-31','771-306-1118','omalsterlc@spotify.com'),(770,'Tressa Brotherhead','794','1971-02-10','206-979-7115','tbrotherheadld@g.co'),(771,'Allison Figin','838','1981-07-14','756-436-4992','afiginle@symantec.com'),(772,'Tobe Burle','760','2012-08-05','846-482-7079','tburlelf@tripadvisor.com'),(773,'Mohammed Knight','695','1975-11-08','201-748-9517','mknightlg@zimbio.com'),(774,'Dene Geldard','106','2001-01-02','529-112-1442','dgeldardlh@cafepress.com'),(775,'Ada Toke','214','2015-09-14','516-196-2452','atokeli@jugem.jp'),(776,'Wolfie Firmin','720','1992-06-11','259-720-4675','wfirminlj@washingtonpost.com'),(777,'Tine Deguara','396','2022-12-16','257-890-3607','tdeguaralk@abc.net.au'),(778,'Charo McCuis','157','1994-04-14','527-129-1643','cmccuisll@github.io'),(779,'Dionisio Trimby','529','1971-04-20','414-260-0306','dtrimbylm@instagram.com'),(780,'Aeriel Dugan','427','1988-02-15','712-166-9107','aduganln@scientificamerican.com'),(781,'Aili Bradford','400','1990-05-02','136-918-0326','abradfordlo@gov.uk'),(782,'Nell Vidgeon','774','2004-08-26','777-536-4747','nvidgeonlp@clickbank.net'),(783,'Bernelle Masterman','293','1975-04-20','891-199-8280','bmastermanlq@fastcompany.com'),(784,'Gilemette Kynaston','93','1982-06-05','882-721-4944','gkynastonlr@nymag.com'),(785,'Kirk O\'Carmody','585','1998-12-23','903-184-7406','kocarmodyls@google.cn'),(786,'Sarge Sheerin','160','2024-01-25','212-847-5382','ssheerinlt@digg.com'),(787,'Bent Hopkynson','120','2008-10-22','528-219-9745','bhopkynsonlu@over-blog.com'),(788,'Corey Chillingworth','602','2004-04-14','594-239-3588','cchillingworthlv@patch.com'),(789,'Barbe Pleaden','583','1974-06-14','706-189-8834','bpleadenlw@ox.ac.uk'),(790,'Christyna Orae','276','1981-10-21','274-751-2076','coraelx@surveymonkey.com'),(791,'Moyra Bottelstone','645','1979-10-04','220-528-8778','mbottelstonely@mozilla.org'),(792,'Sunny Keoghane','306','1975-03-15','628-714-0619','skeoghanelz@scribd.com'),(793,'Lothaire Lorenzo','328','2002-01-03','703-122-9130','llorenzom0@bing.com'),(794,'Aurel Sawart','230','2006-07-03','194-357-9363','asawartm1@wix.com'),(795,'Phillis Slixby','910','1982-01-25','526-128-0101','pslixbym2@yandex.ru'),(796,'Emery Chesworth','988','2021-12-13','167-157-4208','echesworthm3@wikia.com'),(797,'Willetta Kirk','191','2016-05-14','963-171-5010','wkirkm4@fotki.com'),(798,'Quent Doelle','926','2002-01-20','962-289-6365','qdoellem5@woothemes.com'),(799,'Corine Brasner','470','2023-01-18','933-640-0675','cbrasnerm6@chronoengine.com'),(800,'Emelyne Endrighi','387','2024-11-20','769-263-9990','eendrighim7@spiegel.de'),(801,'Winna Hutcheon','886','2012-03-17','188-804-9285','whutcheonm8@army.mil'),(802,'Cammy Barker','785','2011-02-26','388-175-7070','cbarkerm9@google.nl'),(803,'Luciana Seint','107','1991-08-17','450-571-3281','lseintma@oakley.com'),(804,'Laina Witheridge','218','2018-08-24','517-474-8163','lwitheridgemb@nps.gov'),(805,'Gradey Harmon','644','2006-08-02','584-809-0248','gharmonmc@addtoany.com'),(806,'Joey Esbrook','219','1997-03-01','888-545-2761','jesbrookmd@noaa.gov'),(807,'Laurena Crisall','504','1990-11-03','611-392-5718','lcrisallme@google.nl'),(808,'Jozef Leadley','373','2007-06-20','223-329-1112','jleadleymf@senate.gov'),(809,'Brucie Gamil','362','2005-05-07','421-882-8952','bgamilmg@zdnet.com'),(810,'Aryn Kimmerling','702','1988-04-27','391-760-7744','akimmerlingmh@pbs.org'),(811,'Darcee Last','44','2005-02-02','876-956-5167','dlastmi@prnewswire.com'),(812,'Othilie Garn','762','1997-12-28','325-613-5579','ogarnmj@businessweek.com'),(813,'Michaelina Wightman','893','1987-06-24','302-267-1088','mwightmanmk@livejournal.com'),(814,'Tynan Hauger','171','1971-11-03','367-753-6520','thaugerml@paypal.com'),(815,'Ferguson Ivimey','752','1983-09-23','446-605-3009','fivimeymm@indiatimes.com'),(816,'Brodie Vevers','978','1976-10-15','199-966-5971','bveversmn@reuters.com'),(817,'Delbert Dowden','800','1989-06-11','543-803-4915','ddowdenmo@ow.ly'),(818,'Carmita Skittreal','705','1974-07-27','299-740-8074','cskittrealmp@scientificamerican.com'),(819,'Willard Camidge','224','2020-04-19','825-504-5727','wcamidgemq@sakura.ne.jp'),(820,'Calv Badwick','927','2017-01-30','654-820-1244','cbadwickmr@geocities.jp'),(821,'Laurie Houten','911','2011-12-13','170-666-4849','lhoutenms@unc.edu'),(822,'Gherardo Barrus','391','1991-11-17','791-442-0616','gbarrusmt@ifeng.com'),(823,'Phil Francescotti','915','2023-02-24','658-607-1717','pfrancescottimu@twitpic.com'),(824,'Heath Rigmond','207','2017-08-26','432-398-3396','hrigmondmv@thetimes.co.uk'),(825,'Bruno Kemsley','529','2019-01-03','690-888-2680','bkemsleymw@newsvine.com'),(826,'Marco MacLaig','706','2022-10-15','592-328-1961','mmaclaigmx@cocolog-nifty.com'),(827,'Audra Penburton','194','1982-03-22','476-799-9809','apenburtonmy@scribd.com'),(828,'Pierce Cholmondeley','249','2023-10-18','193-859-6690','pcholmondeleymz@blog.com'),(829,'Janela Bernath','740','2016-03-14','954-744-4435','jbernathn0@sbwire.com'),(830,'Thorn Aires','755','1991-03-13','202-517-1680','tairesn1@stanford.edu'),(831,'Marlane Menicomb','469','2001-12-07','747-971-6348','mmenicombn2@spotify.com'),(832,'Vivienne MacMeeking','604','1975-05-04','662-571-7458','vmacmeekingn3@apple.com'),(833,'Packston Mallabone','24','1977-01-20','701-579-7869','pmallabonen4@drupal.org'),(834,'Timmi Western','518','1982-01-21','732-334-2604','twesternn5@themeforest.net'),(835,'Layton Stonier','104','2018-05-02','833-256-1211','lstoniern6@cdbaby.com'),(836,'Ema Iashvili','814','1999-02-12','478-654-0096','eiashvilin7@yellowbook.com'),(837,'Woody Killick','158','1997-06-21','453-573-0721','wkillickn8@hostgator.com'),(838,'Garner Evill','880','1988-05-26','470-275-5243','gevilln9@state.tx.us'),(839,'Issi Gianiello','718','1972-05-15','473-689-4282','igianiellona@theguardian.com'),(840,'Karisa Glentworth','3','1995-11-29','512-136-2231','kglentworthnb@sitemeter.com'),(841,'Juieta Porkiss','496','1974-08-17','900-285-6015','jporkissnc@columbia.edu'),(842,'Claire McGillicuddy','252','1994-07-29','227-548-5962','cmcgillicuddynd@webnode.com'),(843,'Stan Ashforth','886','2009-12-14','246-118-9375','sashforthne@networkadvertising.org'),(844,'Nertie Mulvihill','658','1981-07-02','457-545-4310','nmulvihillnf@netscape.com'),(845,'Perice Landreth','80','1990-02-07','507-925-6965','plandrethng@eventbrite.com'),(846,'Feodora Turle','752','2004-06-11','363-736-1642','fturlenh@yandex.ru'),(847,'Reine Dunks','269','2016-09-03','699-575-4365','rdunksni@qq.com'),(848,'Emmie Awin','506','2022-06-01','367-314-8544','eawinnj@europa.eu'),(849,'Gavan McDool','66','1983-06-28','501-135-9496','gmcdoolnk@dailymail.co.uk'),(850,'Stinky Gregory','436','2020-08-17','916-568-6443','sgregorynl@wunderground.com'),(851,'Joline Charer','882','1983-11-16','709-710-8768','jcharernm@cnbc.com'),(852,'Lorraine Searchfield','399','2016-04-21','124-705-2684','lsearchfieldnn@digg.com'),(853,'Timothy Kremer','461','1987-10-17','633-275-3854','tkremerno@instagram.com'),(854,'Maury Copyn','708','1974-07-13','222-725-1654','mcopynnp@jugem.jp'),(855,'Idell Valance','768','1993-08-17','500-251-7175','ivalancenq@msn.com'),(856,'Lilly Chidwick','812','1987-10-24','215-433-7375','lchidwicknr@redcross.org'),(857,'Sula Gosford','374','1997-10-24','628-749-3554','sgosfordns@cornell.edu'),(858,'Georgeanne Glendining','854','1995-06-01','518-719-9217','gglendiningnt@taobao.com'),(859,'Ninon Summergill','594','1999-01-21','145-991-0918','nsummergillnu@behance.net'),(860,'Sophey Breewood','797','2018-03-18','128-867-7534','sbreewoodnv@mapquest.com'),(861,'Wendi Broggini','257','1987-05-21','111-890-9152','wbroggininw@virginia.edu'),(862,'Gerianna Drayson','396','2024-05-17','929-469-3434','gdraysonnx@amazon.co.jp'),(863,'Davine Pelz','216','1976-07-31','755-114-1810','dpelzny@prlog.org'),(864,'Ransom Noller','652','2008-12-08','174-187-7286','rnollernz@psu.edu'),(865,'Rachele Delue','995','1996-10-21','391-299-1755','rdelueo0@homestead.com'),(866,'Lindon Winters','47','1978-09-19','378-328-7904','lwinterso1@jimdo.com'),(867,'Meggi Shew','416','2017-01-22','310-436-5964','mshewo2@howstuffworks.com'),(868,'Merle Tuvey','597','2004-02-21','860-100-2547','mtuveyo3@webnode.com'),(869,'Philip Alliban','834','1983-09-16','664-252-7620','pallibano4@bandcamp.com'),(870,'Zak Loudwell','595','1972-10-02','588-325-2491','zloudwello5@wisc.edu'),(871,'Olivero Gallon','688','2002-01-22','846-719-3641','ogallono6@sakura.ne.jp'),(872,'Margarette Goodlip','782','2004-02-13','174-351-0525','mgoodlipo7@fotki.com'),(873,'Kirby Batrop','519','2018-05-12','113-577-6130','kbatropo8@miibeian.gov.cn'),(874,'Son Ewington','135','2000-06-20','448-243-9665','sewingtono9@storify.com'),(875,'Meggi Hamflett','350','2024-02-23','748-660-4839','mhamflettoa@icio.us'),(876,'Garrot Nabarro','112','2012-12-22','651-690-5420','gnabarroob@ucoz.ru'),(877,'Mattheus Snalum','957','1984-01-02','434-705-4821','msnalumoc@comcast.net'),(878,'Anetta Huguenet','715','1997-08-17','739-332-8803','ahuguenetod@springer.com'),(879,'Sibylla Sarginson','733','1995-05-17','672-885-9244','ssarginsonoe@flickr.com'),(880,'Geordie Blackaller','766','2001-02-05','937-884-6690','gblackallerof@youtube.com'),(881,'Benedetto Kilner','904','2000-07-04','204-980-1281','bkilnerog@kickstarter.com'),(882,'Stacy O\'Hogertie','938','1979-03-26','885-684-3212','sohogertieoh@disqus.com'),(883,'Norri Bour','531','2004-07-17','759-127-8642','nbouroi@accuweather.com'),(884,'Hadleigh Gingles','771','1976-02-25','522-396-3120','hginglesoj@de.vu'),(885,'Morna Forryan','29','1996-12-10','340-953-6638','mforryanok@spiegel.de'),(886,'Amalea Ales','427','2013-02-10','187-259-1433','aalesol@omniture.com'),(887,'Delano Worrell','206','2023-09-14','298-786-5238','dworrellom@desdev.cn'),(888,'Kelli Ennever','834','1979-01-27','632-870-8076','kenneveron@cyberchimps.com'),(889,'Collin Ianilli','629','1971-10-18','742-207-2794','cianillioo@illinois.edu'),(890,'Delphine Cartmer','263','2020-07-10','283-609-7914','dcartmerop@godaddy.com'),(891,'Darryl Hendrichs','245','1979-02-12','634-888-3513','dhendrichsoq@noaa.gov'),(892,'Mollee Ruxton','610','1975-06-07','363-673-4848','mruxtonor@washington.edu'),(893,'Isa Dank','152','2024-11-05','419-799-4873','idankos@devhub.com'),(894,'Jelene Lawless','730','2006-12-26','225-991-2175','jlawlessot@sogou.com'),(895,'Lothario Kerwood','811','2023-02-11','951-270-0865','lkerwoodou@noaa.gov'),(896,'Tersina Frie','160','1980-12-23','158-648-3025','tfrieov@uol.com.br'),(897,'Willyt MacKnockiter','698','2013-07-31','846-683-2184','wmacknockiterow@theatlantic.com'),(898,'Phylis Rochford','295','1984-09-07','239-659-2213','prochfordox@livejournal.com'),(899,'Michal Eckh','759','2019-08-15','107-390-3497','meckhoy@elpais.com'),(900,'Lars Clowton','124','2002-04-10','328-263-0057','lclowtonoz@cmu.edu'),(901,'Staford Schnitter','130','2001-06-02','937-136-6869','sschnitterp0@nba.com'),(902,'Maia McLaggan','461','1979-12-09','818-824-7681','mmclagganp1@cnet.com'),(903,'Karylin Dunseith','319','2008-01-23','361-596-1527','kdunseithp2@usda.gov'),(904,'Keene Duddy','745','1996-12-02','749-510-4155','kduddyp3@unicef.org'),(905,'Flor Botten','307','1982-08-12','612-960-1412','fbottenp4@jigsy.com'),(906,'Cullan Sempill','393','1982-04-30','693-602-7422','csempillp5@mac.com'),(907,'Mirelle Jordanson','659','1993-11-03','844-505-8164','mjordansonp6@squarespace.com'),(908,'Sasha Bittlestone','369','1972-10-27','234-852-9946','sbittlestonep7@google.de'),(909,'Mallory Burdas','821','2012-11-14','303-354-5978','mburdasp8@bandcamp.com'),(910,'Arlina Biggam','378','1989-05-17','420-915-1498','abiggamp9@exblog.jp'),(911,'Rickie Nunan','660','1978-11-11','284-560-1616','rnunanpa@comsenz.com'),(912,'Paxon Jedrzejewsky','810','1997-08-17','371-813-2092','pjedrzejewskypb@intel.com'),(913,'Charo Durkin','223','1993-04-29','846-965-7745','cdurkinpc@shinystat.com'),(914,'Felizio Squibbes','517','1988-05-16','816-642-4101','fsquibbespd@storify.com'),(915,'Thayne Grimsdyke','461','2005-03-25','283-924-8822','tgrimsdykepe@devhub.com'),(916,'Neila Treble','989','1973-05-09','469-138-7550','ntreblepf@parallels.com'),(917,'Steffi Coutts','356','1984-08-07','406-390-7190','scouttspg@sciencedaily.com'),(918,'Arabela Meneghi','324','1973-11-28','304-392-5007','ameneghiph@digg.com'),(919,'Hersch Richmont','463','2008-02-09','673-925-4903','hrichmontpi@dagondesign.com'),(920,'Milly Greenlies','24','1982-12-09','160-878-9011','mgreenliespj@cnet.com'),(921,'Lynn Tytherton','305','2012-02-05','462-178-8231','ltythertonpk@shutterfly.com'),(922,'Hollie Lavender','333','2021-09-29','956-975-0698','hlavenderpl@accuweather.com'),(923,'Portia Trimbey','96','1971-05-07','211-529-7644','ptrimbeypm@github.io'),(924,'Rita Santi','431','2023-10-14','924-744-7138','rsantipn@github.io'),(925,'Ignacius Greatland','164','2007-03-29','213-812-4825','igreatlandpo@posterous.com'),(926,'Inness Summerside','895','1996-01-26','286-648-6759','isummersidepp@cornell.edu'),(927,'Elvin Bettaney','305','1988-12-20','721-137-8474','ebettaneypq@nih.gov'),(928,'Monte de Glanville','552','2003-01-23','249-370-0024','mdepr@a8.net'),(929,'Justus Jaggard','346','2015-03-15','475-261-9934','jjaggardps@google.ca'),(930,'Chiquia Horley','733','1984-12-10','305-290-7268','chorleypt@tmall.com'),(931,'Mikael Brigham','773','1983-08-14','102-817-3066','mbrighampu@1und1.de'),(932,'Ozzy Stroud','437','2015-10-02','203-863-3865','ostroudpv@dedecms.com'),(933,'Elston Aasaf','20','1972-12-02','989-530-9883','eaasafpw@tmall.com'),(934,'Abramo Kimmins','46','2006-09-16','657-788-4177','akimminspx@t-online.de'),(935,'Ashla Bertl','747','1997-10-27','210-519-1760','abertlpy@homestead.com'),(936,'Kay Stallwood','781','1998-02-24','595-606-3177','kstallwoodpz@amazon.co.jp'),(937,'Hedvig Labes','374','1975-06-27','873-579-2627','hlabesq0@sphinn.com'),(938,'Archibaldo Cassimer','474','2002-10-29','993-571-5048','acassimerq1@woothemes.com'),(939,'Jacqui Attock','277','1996-05-18','776-532-5393','jattockq2@google.com'),(940,'Malynda Wennington','705','1993-10-25','561-663-9624','mwenningtonq3@pen.io'),(941,'Kit Meneo','246','1984-08-30','929-452-0833','kmeneoq4@nature.com'),(942,'Ysabel Harwin','766','2012-11-03','981-847-1920','yharwinq5@yelp.com'),(943,'Babb Royans','390','2015-07-10','189-810-8546','broyansq6@i2i.jp'),(944,'Maia Tapscott','828','2011-09-01','806-913-5290','mtapscottq7@ezinearticles.com'),(945,'Marti Cinnamond','324','2011-11-27','246-206-2443','mcinnamondq8@theatlantic.com'),(946,'Herold Dury','282','2016-01-29','614-862-7190','hduryq9@flavors.me'),(947,'Shandeigh Baldwin','413','1992-01-05','365-544-3959','sbaldwinqa@canalblog.com'),(948,'Bjorn Mattis','871','1990-08-25','484-947-0814','bmattisqb@paginegialle.it'),(949,'Zelma Golightly','84','1979-12-21','219-734-5457','zgolightlyqc@printfriendly.com'),(950,'Verena Beranek','331','1978-10-31','241-435-9213','vberanekqd@ucoz.ru'),(951,'Barbey Kissick','68','2017-06-22','445-320-7629','bkissickqe@photobucket.com'),(952,'Papagena Levinge','717','1976-11-18','146-239-6254','plevingeqf@trellian.com'),(953,'Anet Gifkins','69','2004-05-26','868-295-5565','agifkinsqg@last.fm'),(954,'Alex Idenden','139','2008-12-17','170-593-9665','aidendenqh@cyberchimps.com'),(955,'Daryl Flemmich','301','1984-09-15','202-883-2787','dflemmichqi@bloglines.com'),(956,'Ursa King','172','2005-02-03','206-270-4188','ukingqj@reddit.com'),(957,'Jaquelyn Dearlove','535','2012-01-03','822-169-0697','jdearloveqk@amazon.de'),(958,'Jerrilee Ensley','555','2020-02-14','689-576-6456','jensleyql@microsoft.com'),(959,'Aube Alberti','29','2002-04-05','266-389-9046','aalbertiqm@reddit.com'),(960,'Elicia Spain','302','1979-08-01','497-266-2482','espainqn@home.pl'),(961,'Efrem Wilmington','308','1980-10-01','173-819-6581','ewilmingtonqo@lulu.com'),(962,'Jasmina Tydd','374','2001-02-28','213-818-3216','jtyddqp@alexa.com'),(963,'Theressa Cordeix','214','2014-07-17','216-828-5588','tcordeixqq@vkontakte.ru'),(964,'Aubrette Burnsall','451','2009-12-19','431-249-3901','aburnsallqr@sun.com'),(965,'Bathsheba Maddicks','469','2001-12-03','970-927-2665','bmaddicksqs@netscape.com'),(966,'Keene Dregan','192','2001-08-07','797-702-0003','kdreganqt@lycos.com'),(967,'Frasquito Enriques','486','2016-05-27','177-100-9400','fenriquesqu@hatena.ne.jp'),(968,'Portie Arrigucci','184','1986-06-14','407-152-8656','parrigucciqv@symantec.com'),(969,'Riccardo MacFarland','956','1999-02-21','425-262-3296','rmacfarlandqw@soundcloud.com'),(970,'Weber Alelsandrowicz','755','2018-12-01','992-899-1219','walelsandrowiczqx@reddit.com'),(971,'Kassie Pesic','594','2014-11-10','872-479-4416','kpesicqy@washingtonpost.com'),(972,'Gray Rustan','885','2004-03-03','178-143-7801','grustanqz@squarespace.com'),(973,'Bethina Tompkin','940','1994-03-19','884-765-5105','btompkinr0@gravatar.com'),(974,'Aggy Bartosinski','730','2005-04-15','466-929-8933','abartosinskir1@zimbio.com'),(975,'Siouxie Tilne','221','1981-07-03','766-175-2936','stilner2@github.com'),(976,'Carline Brockbank','438','1982-03-08','823-177-8295','cbrockbankr3@mayoclinic.com'),(977,'Luelle Gadsdon','55','2014-06-14','813-299-7660','lgadsdonr4@chronoengine.com'),(978,'Tirrell Patrono','455','2005-08-17','310-260-8562','tpatronor5@php.net'),(979,'Harlie Godman','682','1990-06-29','471-241-6829','hgodmanr6@alexa.com'),(980,'Ignaz Wooster','202','1987-06-23','561-499-3101','iwoosterr7@toplist.cz'),(981,'Gary Waren','150','1976-04-22','321-582-8048','gwarenr8@acquirethisname.com'),(982,'Selene Ablewhite','388','1985-06-17','420-139-9557','sablewhiter9@biglobe.ne.jp'),(983,'Tab Tolfrey','722','1999-10-30','786-184-1074','ttolfreyra@ft.com'),(984,'Marty Kenforth','344','2002-06-02','212-608-8877','mkenforthrb@yahoo.co.jp'),(985,'Rollie Matlock','299','2014-08-30','129-309-8177','rmatlockrc@usatoday.com'),(986,'Kaylil Pickavant','617','1985-10-03','405-897-8549','kpickavantrd@hubpages.com'),(987,'Mollie Duesbury','164','1978-11-25','223-373-8854','mduesburyre@nhs.uk'),(988,'Petrina Antonio','353','1975-01-16','754-249-4448','pantoniorf@youku.com'),(989,'Pen Ingram','790','1981-03-21','447-374-6966','pingramrg@github.io'),(990,'Sue Stansbury','351','1979-01-15','272-836-3476','sstansburyrh@bluehost.com'),(991,'Lucien Garvin','507','1970-08-29','595-664-9504','lgarvinri@indiatimes.com'),(992,'Marris Joreau','286','1991-02-05','223-306-0910','mjoreaurj@jalbum.net'),(993,'Elinore Toulamain','105','2015-12-11','996-166-2011','etoulamainrk@earthlink.net'),(994,'Ewen Dopson','462','1972-08-25','271-634-5033','edopsonrl@nifty.com'),(995,'Norman Brockest','459','2010-06-02','272-890-6815','nbrockestrm@opera.com'),(996,'Adelind Aizikovitch','627','1972-07-15','135-316-4930','aaizikovitchrn@instagram.com'),(997,'Peyton Shakesbye','739','2020-12-15','870-855-3213','pshakesbyero@qq.com'),(998,'Teresa Keyte','701','2009-04-17','305-600-8785','tkeyterp@amazon.de'),(999,'Nanni Shelford','399','1981-11-14','814-107-8771','nshelfordrq@furl.net');
/*!40000 ALTER TABLE `resident` ENABLE KEYS */;
UNLOCK TABLES;

--
-- Table structure for table `service_fee`
--

DROP TABLE IF EXISTS `service_fee`;
/*!40101 SET @saved_cs_client     = @@character_set_client */;
/*!50503 SET character_set_client = utf8mb4 */;
CREATE TABLE `service_fee` (
  `id` bigint NOT NULL AUTO_INCREMENT,
  `apartment_id` varchar(255) NOT NULL,
  `time_period` date NOT NULL,
  `electricity_usage` int NOT NULL,
  `water_usage` int NOT NULL,
  `cleaning_fee` int NOT NULL,
  `parking_fee` int NOT NULL,
  `status` varchar(255) NOT NULL,
  PRIMARY KEY (`id`),
  KEY `service_fee_ibfk_1` (`apartment_id`),
  CONSTRAINT `service_fee_ibfk_1` FOREIGN KEY (`apartment_id`) REFERENCES `apartment` (`apartment_id`)
) ENGINE=InnoDB AUTO_INCREMENT=637 DEFAULT CHARSET=utf8mb4 COLLATE=utf8mb4_0900_ai_ci;
/*!40101 SET character_set_client = @saved_cs_client */;

--
-- Dumping data for table `service_fee`
--

LOCK TABLES `service_fee` WRITE;
/*!40000 ALTER TABLE `service_fee` DISABLE KEYS */;
INSERT INTO `service_fee` VALUES (1,'999','2025-02-03',0,0,112500,0,'paid'),(2,'1','2025-02-03',0,0,294000,1150000,'pending'),(3,'100','2025-02-03',0,0,769500,0,'pending'),(4,'1000','2025-02-03',0,0,121500,1000000,'pending'),(5,'104','2025-02-03',0,0,306000,0,'pending'),(6,'105','2025-02-03',0,0,240000,100000,'pending'),(7,'106','2025-02-03',0,0,150000,0,'pending'),(8,'107','2025-02-03',0,0,396000,1000000,'pending'),(9,'108','2025-02-03',0,0,108000,200000,'pending'),(10,'109','2025-02-03',0,0,276000,1000000,'pending'),(11,'112','2025-02-03',0,0,720000,3000000,'pending'),(12,'114','2025-02-03',0,0,81000,0,'pending'),(13,'117','2025-02-03',0,0,597000,0,'pending'),(14,'119','2025-02-03',0,0,486000,100000,'pending'),(15,'12','2025-02-03',0,0,220500,100000,'pending'),(16,'120','2025-02-03',0,0,99000,0,'pending'),(17,'124','2025-02-03',0,0,147000,150000,'pending'),(18,'125','2025-02-03',0,0,289500,1000000,'pending'),(19,'126','2025-02-03',0,0,271500,0,'pending'),(20,'128','2025-02-03',0,0,156000,0,'pending'),(21,'129','2025-02-03',0,0,114000,0,'pending'),(22,'13','2025-02-03',0,0,79500,0,'pending'),(23,'130','2025-02-03',0,0,207000,0,'pending'),(24,'131','2025-02-03',0,0,207000,200000,'pending'),(25,'132','2025-02-03',0,0,199500,0,'pending'),(26,'133','2025-02-03',0,0,154500,0,'pending'),(27,'134','2025-02-03',0,0,465000,200000,'pending'),(28,'135','2025-02-03',0,0,252000,200000,'pending'),(29,'138','2025-02-03',0,0,247500,0,'pending'),(30,'139','2025-02-03',0,0,150000,0,'pending'),(31,'14','2025-02-03',0,0,231000,0,'pending'),(32,'140','2025-02-03',0,0,238500,100000,'pending'),(33,'145','2025-02-03',0,0,223500,0,'pending'),(34,'146','2025-02-03',0,0,97500,1050000,'pending'),(35,'150','2025-02-03',0,0,774000,1000000,'pending'),(36,'151','2025-02-03',0,0,91500,200000,'pending'),(37,'152','2025-02-03',0,0,210000,0,'pending'),(38,'153','2025-02-03',0,0,157500,3000000,'pending'),(39,'154','2025-02-03',0,0,174000,0,'pending'),(40,'155','2025-02-03',0,0,364500,200000,'pending'),(41,'157','2025-02-03',0,0,411000,1000000,'pending'),(42,'158','2025-02-03',0,0,828000,300000,'pending'),(43,'159','2025-02-03',0,0,277500,0,'pending'),(44,'160','2025-02-03',0,0,537000,0,'pending'),(45,'161','2025-02-03',0,0,196500,0,'pending'),(46,'163','2025-02-03',0,0,145500,0,'pending'),(47,'164','2025-02-03',0,0,310500,1000000,'pending'),(48,'165','2025-02-03',0,0,97500,0,'pending'),(49,'167','2025-02-03',0,0,249000,200000,'pending'),(50,'17','2025-02-03',0,0,172500,100000,'pending'),(51,'170','2025-02-03',0,0,414000,0,'pending'),(52,'171','2025-02-03',0,0,99000,1000000,'pending'),(53,'172','2025-02-03',0,0,234000,0,'pending'),(54,'173','2025-02-03',0,0,201000,0,'pending'),(55,'174','2025-02-03',0,0,249000,100000,'pending'),(56,'175','2025-02-03',0,0,616500,200000,'pending'),(57,'177','2025-02-03',0,0,207000,0,'pending'),(58,'18','2025-02-03',0,0,124500,0,'pending'),(59,'182','2025-02-03',0,0,109500,50000,'pending'),(60,'184','2025-02-03',0,0,219000,0,'pending'),(61,'186','2025-02-03',0,0,235500,350000,'pending'),(62,'187','2025-02-03',0,0,112500,200000,'pending'),(63,'188','2025-02-03',0,0,252000,2000000,'pending'),(64,'189','2025-02-03',0,0,276000,200000,'pending'),(65,'191','2025-02-03',0,0,204000,200000,'pending'),(66,'192','2025-02-03',0,0,238500,2300000,'pending'),(67,'194','2025-02-03',0,0,264000,0,'pending'),(68,'199','2025-02-03',0,0,82500,2000000,'pending'),(69,'2','2025-02-03',0,0,181500,1000000,'pending'),(70,'20','2025-02-03',0,0,283500,200000,'pending'),(71,'200','2025-02-03',0,0,180000,150000,'pending'),(72,'202','2025-02-03',0,0,342000,0,'pending'),(73,'204','2025-02-03',0,0,190500,1050000,'pending'),(74,'205','2025-02-03',0,0,1485000,1200000,'pending'),(75,'206','2025-02-03',0,0,186000,300000,'pending'),(76,'207','2025-02-03',0,0,522000,0,'pending'),(77,'208','2025-02-03',0,0,411000,0,'pending'),(78,'209','2025-02-03',0,0,277500,300000,'pending'),(79,'210','2025-02-03',0,0,240000,50000,'pending'),(80,'214','2025-02-03',0,0,607500,0,'pending'),(81,'216','2025-02-03',0,0,495000,300000,'pending'),(82,'218','2025-02-03',0,0,193500,100000,'pending'),(83,'219','2025-02-03',0,0,76500,0,'pending'),(84,'22','2025-02-03',0,0,150000,100000,'pending'),(85,'220','2025-02-03',0,0,249000,0,'pending'),(86,'221','2025-02-03',0,0,82500,100000,'pending'),(87,'222','2025-02-03',0,0,549000,0,'pending'),(88,'223','2025-02-03',0,0,255000,1000000,'pending'),(89,'224','2025-02-03',0,0,291000,200000,'pending'),(90,'227','2025-02-03',0,0,198000,0,'pending'),(91,'23','2025-02-03',0,0,226500,0,'pending'),(92,'230','2025-02-03',0,0,390000,1400000,'pending'),(93,'232','2025-02-03',0,0,600000,0,'pending'),(94,'233','2025-02-03',0,0,106500,50000,'pending'),(95,'234','2025-02-03',0,0,183000,100000,'pending'),(96,'235','2025-02-03',0,0,168000,150000,'pending'),(97,'239','2025-02-03',0,0,480000,1200000,'pending'),(98,'24','2025-02-03',0,0,216000,250000,'pending'),(99,'240','2025-02-03',0,0,156000,0,'pending'),(100,'241','2025-02-03',0,0,234000,1400000,'pending'),(101,'243','2025-02-03',0,0,208500,1000000,'pending'),(102,'245','2025-02-03',0,0,135000,0,'pending'),(103,'246','2025-02-03',0,0,94500,0,'pending'),(104,'247','2025-02-03',0,0,165000,0,'pending'),(105,'248','2025-02-03',0,0,112500,0,'pending'),(106,'249','2025-02-03',0,0,274500,0,'pending'),(107,'25','2025-02-03',0,0,289500,0,'pending'),(108,'250','2025-02-03',0,0,348000,2200000,'pending'),(109,'252','2025-02-03',0,0,105000,0,'pending'),(110,'254','2025-02-03',0,0,276000,0,'pending'),(111,'255','2025-02-03',0,0,288000,200000,'pending'),(112,'257','2025-02-03',0,0,580500,1000000,'pending'),(113,'260','2025-02-03',0,0,94500,0,'pending'),(114,'261','2025-02-03',0,0,138000,1100000,'pending'),(115,'263','2025-02-03',0,0,241500,200000,'pending'),(116,'264','2025-02-03',0,0,579000,0,'pending'),(117,'265','2025-02-03',0,0,255000,1000000,'pending'),(118,'266','2025-02-03',0,0,144000,200000,'pending'),(119,'267','2025-02-03',0,0,277500,0,'pending'),(120,'268','2025-02-03',0,0,214500,100000,'pending'),(121,'269','2025-02-03',0,0,96000,200000,'pending'),(122,'27','2025-02-03',0,0,168000,0,'pending'),(123,'270','2025-02-03',0,0,174000,0,'pending'),(124,'271','2025-02-03',0,0,97500,0,'pending'),(125,'273','2025-02-03',0,0,106500,0,'pending'),(126,'274','2025-02-03',0,0,579000,0,'pending'),(127,'275','2025-02-03',0,0,111000,1000000,'pending'),(128,'276','2025-02-03',0,0,105000,50000,'pending'),(129,'277','2025-02-03',0,0,1110000,200000,'pending'),(130,'278','2025-02-03',0,0,229500,0,'pending'),(131,'28','2025-02-03',0,0,75000,250000,'pending'),(132,'280','2025-02-03',0,0,405000,0,'pending'),(133,'281','2025-02-03',0,0,279000,0,'pending'),(134,'282','2025-02-03',0,0,447000,0,'pending'),(135,'284','2025-02-03',0,0,139500,0,'pending'),(136,'286','2025-02-03',0,0,348000,100000,'pending'),(137,'287','2025-02-03',0,0,199500,50000,'pending'),(138,'29','2025-02-03',0,0,399000,0,'pending'),(139,'290','2025-02-03',0,0,180000,1200000,'pending'),(140,'291','2025-02-03',0,0,265500,0,'pending'),(141,'293','2025-02-03',0,0,219000,100000,'pending'),(142,'294','2025-02-03',0,0,138000,1000000,'pending'),(143,'295','2025-02-03',0,0,450000,0,'pending'),(144,'297','2025-02-03',0,0,549000,0,'pending'),(145,'299','2025-02-03',0,0,277500,0,'pending'),(146,'3','2025-02-03',0,0,486000,200000,'pending'),(147,'30','2025-02-03',0,0,181500,200000,'pending'),(148,'301','2025-02-03',0,0,816000,300000,'pending'),(149,'302','2025-02-03',0,0,285000,1350000,'pending'),(150,'305','2025-02-03',0,0,1026000,1300000,'pending'),(151,'306','2025-02-03',0,0,268500,0,'pending'),(152,'307','2025-02-03',0,0,390000,100000,'pending'),(153,'308','2025-02-03',0,0,291000,200000,'pending'),(154,'31','2025-02-03',0,0,249000,1050000,'pending'),(155,'311','2025-02-03',0,0,276000,0,'pending'),(156,'312','2025-02-03',0,0,96000,0,'pending'),(157,'313','2025-02-03',0,0,217500,250000,'pending'),(158,'314','2025-02-03',0,0,228000,100000,'pending'),(159,'315','2025-02-03',0,0,184500,50000,'pending'),(160,'316','2025-02-03',0,0,223500,200000,'pending'),(161,'317','2025-02-03',0,0,498000,1300000,'pending'),(162,'318','2025-02-03',0,0,162000,1100000,'pending'),(163,'319','2025-02-03',0,0,168000,0,'pending'),(164,'320','2025-02-03',0,0,855000,0,'pending'),(165,'321','2025-02-03',0,0,103500,100000,'pending'),(166,'322','2025-02-03',0,0,279000,0,'pending'),(167,'323','2025-02-03',0,0,447000,1100000,'pending'),(168,'324','2025-02-03',0,0,798000,2000000,'pending'),(169,'328','2025-02-03',0,0,258000,400000,'pending'),(170,'330','2025-02-03',0,0,154500,200000,'pending'),(171,'331','2025-02-03',0,0,81000,1500000,'pending'),(172,'332','2025-02-03',0,0,178500,200000,'pending'),(173,'333','2025-02-03',0,0,99000,100000,'pending'),(174,'336','2025-02-03',0,0,561000,1000000,'pending'),(175,'337','2025-02-03',0,0,256500,2050000,'pending'),(176,'338','2025-02-03',0,0,576000,0,'pending'),(177,'34','2025-02-03',0,0,291000,1000000,'pending'),(178,'340','2025-02-03',0,0,291000,0,'pending'),(179,'341','2025-02-03',0,0,300000,1050000,'pending'),(180,'342','2025-02-03',0,0,234000,0,'pending'),(181,'344','2025-02-03',0,0,579000,0,'pending'),(182,'345','2025-02-03',0,0,214500,400000,'pending'),(183,'346','2025-02-03',0,0,292500,0,'pending'),(184,'348','2025-02-03',0,0,201000,250000,'pending'),(185,'349','2025-02-03',0,0,243000,200000,'pending'),(186,'35','2025-02-03',0,0,289500,0,'pending'),(187,'350','2025-02-03',0,0,204000,1000000,'pending'),(188,'351','2025-02-03',0,0,204000,0,'pending'),(189,'352','2025-02-03',0,0,264000,300000,'pending'),(190,'353','2025-02-03',0,0,483000,200000,'pending'),(191,'354','2025-02-03',0,0,204000,100000,'pending'),(192,'356','2025-02-03',0,0,183000,1000000,'pending'),(193,'357','2025-02-03',0,0,172500,1000000,'pending'),(194,'358','2025-02-03',0,0,198000,1000000,'pending'),(195,'361','2025-02-03',0,0,174000,0,'pending'),(196,'362','2025-02-03',0,0,142500,0,'pending'),(197,'363','2025-02-03',0,0,216000,1000000,'pending'),(198,'364','2025-02-03',0,0,324000,0,'pending'),(199,'365','2025-02-03',0,0,382500,0,'pending'),(200,'366','2025-02-03',0,0,250500,1000000,'pending'),(201,'368','2025-02-03',0,0,300000,1000000,'pending'),(202,'369','2025-02-03',0,0,526500,300000,'pending'),(203,'37','2025-02-03',0,0,165000,0,'pending'),(204,'371','2025-02-03',0,0,357000,300000,'pending'),(205,'372','2025-02-03',0,0,147000,0,'pending'),(206,'373','2025-02-03',0,0,235500,1000000,'pending'),(207,'374','2025-02-03',0,0,1102500,1000000,'pending'),(208,'378','2025-02-03',0,0,486000,0,'pending'),(209,'379','2025-02-03',0,0,241500,0,'pending'),(210,'38','2025-02-03',0,0,273000,300000,'pending'),(211,'381','2025-02-03',0,0,228000,100000,'pending'),(212,'383','2025-02-03',0,0,118500,200000,'pending'),(213,'384','2025-02-03',0,0,411000,0,'pending'),(214,'387','2025-02-03',0,0,670500,0,'pending'),(215,'388','2025-02-03',0,0,778500,100000,'pending'),(216,'390','2025-02-03',0,0,78000,200000,'pending'),(217,'391','2025-02-03',0,0,399000,0,'pending'),(218,'393','2025-02-03',0,0,543000,1000000,'pending'),(219,'396','2025-02-03',0,0,486000,0,'pending'),(220,'397','2025-02-03',0,0,573000,0,'pending'),(221,'399','2025-02-03',0,0,738000,600000,'pending'),(222,'4','2025-02-03',0,0,226500,400000,'pending'),(223,'40','2025-02-03',0,0,174000,1050000,'pending'),(224,'400','2025-02-03',0,0,742500,0,'pending'),(225,'402','2025-02-03',0,0,222000,0,'pending'),(226,'404','2025-02-03',0,0,201000,100000,'pending'),(227,'405','2025-02-03',0,0,91500,2200000,'pending'),(228,'406','2025-02-03',0,0,870000,0,'pending'),(229,'407','2025-02-03',0,0,244500,100000,'pending'),(230,'408','2025-02-03',0,0,184500,2000000,'pending'),(231,'41','2025-02-03',0,0,208500,200000,'pending'),(232,'412','2025-02-03',0,0,346500,0,'pending'),(233,'413','2025-02-03',0,0,787500,1100000,'pending'),(234,'416','2025-02-03',0,0,85500,0,'pending'),(235,'418','2025-02-03',0,0,226500,1000000,'pending'),(236,'423','2025-02-03',0,0,228000,50000,'pending'),(237,'427','2025-02-03',0,0,634500,300000,'pending'),(238,'429','2025-02-03',0,0,126000,300000,'pending'),(239,'431','2025-02-03',0,0,312000,1000000,'pending'),(240,'433','2025-02-03',0,0,237000,2000000,'pending'),(241,'434','2025-02-03',0,0,234000,200000,'pending'),(242,'436','2025-02-03',0,0,564000,200000,'pending'),(243,'437','2025-02-03',0,0,585000,200000,'pending'),(244,'438','2025-02-03',0,0,219000,0,'pending'),(245,'439','2025-02-03',0,0,156000,200000,'pending'),(246,'44','2025-02-03',0,0,205500,1000000,'pending'),(247,'441','2025-02-03',0,0,228000,0,'pending'),(248,'442','2025-02-03',0,0,267000,0,'pending'),(249,'444','2025-02-03',0,0,160500,1200000,'pending'),(250,'445','2025-02-03',0,0,126000,0,'pending'),(251,'446','2025-02-03',0,0,195000,1200000,'pending'),(252,'447','2025-02-03',0,0,264000,0,'pending'),(253,'45','2025-02-03',0,0,246000,200000,'pending'),(254,'451','2025-02-03',0,0,369000,2100000,'pending'),(255,'455','2025-02-03',0,0,283500,0,'pending'),(256,'456','2025-02-03',0,0,144000,0,'pending'),(257,'457','2025-02-03',0,0,295500,0,'pending'),(258,'459','2025-02-03',0,0,216000,50000,'pending'),(259,'46','2025-02-03',0,0,711000,150000,'pending'),(260,'460','2025-02-03',0,0,127500,200000,'pending'),(261,'461','2025-02-03',0,0,354000,200000,'pending'),(262,'462','2025-02-03',0,0,274500,1300000,'pending'),(263,'463','2025-02-03',0,0,288000,200000,'pending'),(264,'464','2025-02-03',0,0,162000,200000,'pending'),(265,'465','2025-02-03',0,0,247500,50000,'pending'),(266,'466','2025-02-03',0,0,85500,1100000,'pending'),(267,'467','2025-02-03',0,0,117000,0,'pending'),(268,'468','2025-02-03',0,0,225000,100000,'pending'),(269,'469','2025-02-03',0,0,153000,0,'pending'),(270,'47','2025-02-03',0,0,184500,200000,'pending'),(271,'470','2025-02-03',0,0,573000,50000,'pending'),(272,'472','2025-02-03',0,0,378000,200000,'pending'),(273,'474','2025-02-03',0,0,207000,1000000,'pending'),(274,'475','2025-02-03',0,0,261000,1000000,'pending'),(275,'476','2025-02-03',0,0,145500,0,'pending'),(276,'477','2025-02-03',0,0,306000,0,'pending'),(277,'479','2025-02-03',0,0,168000,100000,'pending'),(278,'48','2025-02-03',0,0,477000,0,'pending'),(279,'480','2025-02-03',0,0,181500,1100000,'pending'),(280,'482','2025-02-03',0,0,423000,0,'pending'),(281,'483','2025-02-03',0,0,283500,0,'pending'),(282,'486','2025-02-03',0,0,297000,1000000,'pending'),(283,'487','2025-02-03',0,0,534000,100000,'pending'),(284,'488','2025-02-03',0,0,225000,1000000,'pending'),(285,'489','2025-02-03',0,0,204000,300000,'pending'),(286,'49','2025-02-03',0,0,247500,100000,'pending'),(287,'495','2025-02-03',0,0,229500,200000,'pending'),(288,'496','2025-02-03',0,0,117000,0,'pending'),(289,'497','2025-02-03',0,0,96000,200000,'pending'),(290,'499','2025-02-03',0,0,132000,0,'pending'),(291,'502','2025-02-03',0,0,208500,0,'pending'),(292,'504','2025-02-03',0,0,183000,200000,'pending'),(293,'506','2025-02-03',0,0,571500,250000,'pending'),(294,'507','2025-02-03',0,0,603000,1200000,'pending'),(295,'51','2025-02-03',0,0,124500,0,'pending'),(296,'516','2025-02-03',0,0,219000,1250000,'pending'),(297,'517','2025-02-03',0,0,261000,200000,'pending'),(298,'518','2025-02-03',0,0,895500,200000,'pending'),(299,'519','2025-02-03',0,0,208500,200000,'pending'),(300,'52','2025-02-03',0,0,225000,0,'pending'),(301,'521','2025-02-03',0,0,139500,0,'pending'),(302,'522','2025-02-03',0,0,147000,50000,'pending'),(303,'523','2025-02-03',0,0,769500,0,'pending'),(304,'524','2025-02-03',0,0,279000,1150000,'pending'),(305,'525','2025-02-03',0,0,234000,1150000,'pending'),(306,'528','2025-02-03',0,0,414000,200000,'pending'),(307,'529','2025-02-03',0,0,573000,0,'pending'),(308,'530','2025-02-03',0,0,222000,0,'pending'),(309,'531','2025-02-03',0,0,768000,1000000,'pending'),(310,'532','2025-02-03',0,0,471000,1000000,'pending'),(311,'534','2025-02-03',0,0,93000,1000000,'pending'),(312,'535','2025-02-03',0,0,255000,300000,'pending'),(313,'537','2025-02-03',0,0,208500,200000,'pending'),(314,'538','2025-02-03',0,0,178500,200000,'pending'),(315,'539','2025-02-03',0,0,217500,100000,'pending'),(316,'54','2025-02-03',0,0,864000,0,'pending'),(317,'540','2025-02-03',0,0,97500,400000,'pending'),(318,'541','2025-02-03',0,0,153000,200000,'pending'),(319,'542','2025-02-03',0,0,222000,200000,'pending'),(320,'543','2025-02-03',0,0,660000,0,'pending'),(321,'544','2025-02-03',0,0,168000,0,'pending'),(322,'545','2025-02-03',0,0,130500,0,'pending'),(323,'546','2025-02-03',0,0,153000,200000,'pending'),(324,'547','2025-02-03',0,0,390000,0,'pending'),(325,'548','2025-02-03',0,0,286500,0,'pending'),(326,'549','2025-02-03',0,0,580500,1000000,'pending'),(327,'55','2025-02-03',0,0,666000,300000,'pending'),(328,'550','2025-02-03',0,0,279000,0,'pending'),(329,'551','2025-02-03',0,0,226500,200000,'pending'),(330,'552','2025-02-03',0,0,471000,0,'pending'),(331,'553','2025-02-03',0,0,291000,300000,'pending'),(332,'554','2025-02-03',0,0,271500,1000000,'pending'),(333,'555','2025-02-03',0,0,210000,0,'pending'),(334,'556','2025-02-03',0,0,459000,200000,'pending'),(335,'557','2025-02-03',0,0,84000,100000,'pending'),(336,'558','2025-02-03',0,0,226500,1000000,'pending'),(337,'56','2025-02-03',0,0,237000,50000,'pending'),(338,'563','2025-02-03',0,0,118500,0,'pending'),(339,'564','2025-02-03',0,0,156000,200000,'pending'),(340,'566','2025-02-03',0,0,501000,1000000,'pending'),(341,'567','2025-02-03',0,0,330000,400000,'pending'),(342,'569','2025-02-03',0,0,423000,3000000,'pending'),(343,'57','2025-02-03',0,0,342000,0,'pending'),(344,'570','2025-02-03',0,0,567000,0,'pending'),(345,'572','2025-02-03',0,0,78000,1000000,'pending'),(346,'573','2025-02-03',0,0,249000,1150000,'pending'),(347,'576','2025-02-03',0,0,760500,0,'pending'),(348,'579','2025-02-03',0,0,357000,0,'pending'),(349,'580','2025-02-03',0,0,123000,200000,'pending'),(350,'582','2025-02-03',0,0,498000,0,'pending'),(351,'583','2025-02-03',0,0,244500,50000,'pending'),(352,'584','2025-02-03',0,0,276000,0,'pending'),(353,'585','2025-02-03',0,0,693000,2600000,'pending'),(354,'586','2025-02-03',0,0,202500,0,'pending'),(355,'588','2025-02-03',0,0,144000,1000000,'pending'),(356,'59','2025-02-03',0,0,298500,1000000,'pending'),(357,'591','2025-02-03',0,0,202500,0,'pending'),(358,'594','2025-02-03',0,0,247500,0,'pending'),(359,'595','2025-02-03',0,0,109500,1200000,'pending'),(360,'597','2025-02-03',0,0,91500,250000,'pending'),(361,'598','2025-02-03',0,0,414000,0,'pending'),(362,'599','2025-02-03',0,0,531000,0,'pending'),(363,'6','2025-02-03',0,0,859500,100000,'pending'),(364,'60','2025-02-03',0,0,154500,1000000,'pending'),(365,'602','2025-02-03',0,0,235500,200000,'pending'),(366,'604','2025-02-03',0,0,384000,100000,'pending'),(367,'605','2025-02-03',0,0,271500,1200000,'pending'),(368,'607','2025-02-03',0,0,178500,200000,'pending'),(369,'608','2025-02-03',0,0,201000,50000,'pending'),(370,'609','2025-02-03',0,0,201000,1200000,'pending'),(371,'610','2025-02-03',0,0,120000,1100000,'pending'),(372,'613','2025-02-03',0,0,130500,0,'pending'),(373,'616','2025-02-03',0,0,187500,1200000,'pending'),(374,'617','2025-02-03',0,0,519000,0,'pending'),(375,'621','2025-02-03',0,0,141000,1000000,'pending'),(376,'622','2025-02-03',0,0,489000,0,'pending'),(377,'624','2025-02-03',0,0,169500,0,'pending'),(378,'625','2025-02-03',0,0,294000,0,'pending'),(379,'627','2025-02-03',0,0,798000,200000,'pending'),(380,'628','2025-02-03',0,0,79500,200000,'pending'),(381,'629','2025-02-03',0,0,84000,0,'pending'),(382,'630','2025-02-03',0,0,103500,100000,'pending'),(383,'633','2025-02-03',0,0,277500,100000,'pending'),(384,'637','2025-02-03',0,0,151500,300000,'pending'),(385,'638','2025-02-03',0,0,337500,200000,'pending'),(386,'639','2025-02-03',0,0,235500,0,'pending'),(387,'640','2025-02-03',0,0,222000,100000,'pending'),(388,'642','2025-02-03',0,0,145500,1200000,'pending'),(389,'643','2025-02-03',0,0,223500,400000,'pending'),(390,'644','2025-02-03',0,0,133500,0,'pending'),(391,'645','2025-02-03',0,0,183000,200000,'pending'),(392,'646','2025-02-03',0,0,280500,400000,'pending'),(393,'647','2025-02-03',0,0,1387500,0,'pending'),(394,'649','2025-02-03',0,0,295500,400000,'pending'),(395,'650','2025-02-03',0,0,88500,0,'pending'),(396,'652','2025-02-03',0,0,198000,1000000,'pending'),(397,'653','2025-02-03',0,0,531000,100000,'pending'),(398,'654','2025-02-03',0,0,174000,100000,'pending'),(399,'655','2025-02-03',0,0,144000,1100000,'pending'),(400,'658','2025-02-03',0,0,192000,1200000,'pending'),(401,'659','2025-02-03',0,0,186000,0,'pending'),(402,'66','2025-02-03',0,0,174000,200000,'pending'),(403,'660','2025-02-03',0,0,276000,200000,'pending'),(404,'662','2025-02-03',0,0,198000,0,'pending'),(405,'663','2025-02-03',0,0,196500,0,'pending'),(406,'665','2025-02-03',0,0,288000,1200000,'pending'),(407,'666','2025-02-03',0,0,84000,0,'pending'),(408,'668','2025-02-03',0,0,214500,1000000,'pending'),(409,'67','2025-02-03',0,0,127500,0,'pending'),(410,'670','2025-02-03',0,0,267000,100000,'pending'),(411,'671','2025-02-03',0,0,135000,0,'pending'),(412,'673','2025-02-03',0,0,100500,100000,'pending'),(413,'675','2025-02-03',0,0,75000,0,'pending'),(414,'677','2025-02-03',0,0,280500,0,'pending'),(415,'678','2025-02-03',0,0,85500,0,'pending'),(416,'68','2025-02-03',0,0,277500,0,'pending'),(417,'681','2025-02-03',0,0,207000,0,'pending'),(418,'682','2025-02-03',0,0,246000,0,'pending'),(419,'683','2025-02-03',0,0,85500,100000,'pending'),(420,'688','2025-02-03',0,0,264000,0,'pending'),(421,'689','2025-02-03',0,0,216000,200000,'pending'),(422,'69','2025-02-03',0,0,1140000,100000,'pending'),(423,'690','2025-02-03',0,0,186000,0,'pending'),(424,'692','2025-02-03',0,0,148500,100000,'pending'),(425,'693','2025-02-03',0,0,570000,0,'pending'),(426,'695','2025-02-03',0,0,534000,0,'pending'),(427,'697','2025-02-03',0,0,150000,0,'pending'),(428,'698','2025-02-03',0,0,226500,200000,'pending'),(429,'699','2025-02-03',0,0,202500,0,'pending'),(430,'7','2025-02-03',0,0,120000,0,'pending'),(431,'701','2025-02-03',0,0,357000,0,'pending'),(432,'702','2025-02-03',0,0,102000,0,'pending'),(433,'703','2025-02-03',0,0,459000,1000000,'pending'),(434,'705','2025-02-03',0,0,270000,0,'pending'),(435,'706','2025-02-03',0,0,106500,200000,'pending'),(436,'707','2025-02-03',0,0,168000,200000,'pending'),(437,'708','2025-02-03',0,0,255000,50000,'pending'),(438,'709','2025-02-03',0,0,96000,1200000,'pending'),(439,'71','2025-02-03',0,0,192000,200000,'pending'),(440,'712','2025-02-03',0,0,192000,0,'pending'),(441,'713','2025-02-03',0,0,109500,100000,'pending'),(442,'714','2025-02-03',0,0,411000,0,'pending'),(443,'715','2025-02-03',0,0,990000,0,'pending'),(444,'716','2025-02-03',0,0,96000,0,'pending'),(445,'717','2025-02-03',0,0,552000,150000,'pending'),(446,'718','2025-02-03',0,0,837000,0,'pending'),(447,'720','2025-02-03',0,0,246000,200000,'pending'),(448,'721','2025-02-03',0,0,103500,1000000,'pending'),(449,'722','2025-02-03',0,0,499500,0,'pending'),(450,'724','2025-02-03',0,0,327000,0,'pending'),(451,'728','2025-02-03',0,0,111000,200000,'pending'),(452,'729','2025-02-03',0,0,564000,0,'pending'),(453,'730','2025-02-03',0,0,915000,650000,'pending'),(454,'732','2025-02-03',0,0,226500,0,'pending'),(455,'733','2025-02-03',0,0,978000,50000,'pending'),(456,'734','2025-02-03',0,0,333000,0,'pending'),(457,'735','2025-02-03',0,0,91500,0,'pending'),(458,'738','2025-02-03',0,0,282000,0,'pending'),(459,'739','2025-02-03',0,0,298500,50000,'pending'),(460,'74','2025-02-03',0,0,126000,100000,'pending'),(461,'740','2025-02-03',0,0,276000,1000000,'pending'),(462,'741','2025-02-03',0,0,489000,0,'pending'),(463,'743','2025-02-03',0,0,180000,0,'pending'),(464,'744','2025-02-03',0,0,246000,0,'pending'),(465,'745','2025-02-03',0,0,315000,0,'pending'),(466,'747','2025-02-03',0,0,228000,0,'pending'),(467,'75','2025-02-03',0,0,540000,1000000,'pending'),(468,'752','2025-02-03',0,0,615000,1000000,'pending'),(469,'753','2025-02-03',0,0,213000,2000000,'pending'),(470,'754','2025-02-03',0,0,175500,100000,'pending'),(471,'755','2025-02-03',0,0,457500,2000000,'pending'),(472,'757','2025-02-03',0,0,291000,100000,'pending'),(473,'759','2025-02-03',0,0,351000,100000,'pending'),(474,'76','2025-02-03',0,0,85500,1000000,'pending'),(475,'760','2025-02-03',0,0,688500,300000,'pending'),(476,'761','2025-02-03',0,0,132000,2000000,'pending'),(477,'762','2025-02-03',0,0,747000,0,'pending'),(478,'763','2025-02-03',0,0,384000,200000,'pending'),(479,'764','2025-02-03',0,0,205500,0,'pending'),(480,'765','2025-02-03',0,0,252000,0,'pending'),(481,'766','2025-02-03',0,0,162000,0,'pending'),(482,'768','2025-02-03',0,0,138000,0,'pending'),(483,'769','2025-02-03',0,0,216000,0,'pending'),(484,'77','2025-02-03',0,0,175500,0,'pending'),(485,'771','2025-02-03',0,0,193500,200000,'pending'),(486,'772','2025-02-03',0,0,207000,0,'pending'),(487,'773','2025-02-03',0,0,279000,0,'pending'),(488,'774','2025-02-03',0,0,175500,1000000,'pending'),(489,'776','2025-02-03',0,0,342000,0,'pending'),(490,'779','2025-02-03',0,0,220500,200000,'pending'),(491,'78','2025-02-03',0,0,249000,200000,'pending'),(492,'781','2025-02-03',0,0,486000,1000000,'pending'),(493,'782','2025-02-03',0,0,220500,100000,'pending'),(494,'785','2025-02-03',0,0,286500,0,'pending'),(495,'788','2025-02-03',0,0,291000,1100000,'pending'),(496,'789','2025-02-03',0,0,261000,0,'pending'),(497,'79','2025-02-03',0,0,81000,0,'pending'),(498,'790','2025-02-03',0,0,436500,0,'pending'),(499,'791','2025-02-03',0,0,183000,0,'pending'),(500,'794','2025-02-03',0,0,237000,100000,'pending'),(501,'797','2025-02-03',0,0,112500,0,'pending'),(502,'798','2025-02-03',0,0,214500,200000,'pending'),(503,'80','2025-02-03',0,0,261000,0,'pending'),(504,'800','2025-02-03',0,0,213000,0,'pending'),(505,'807','2025-02-03',0,0,79500,0,'pending'),(506,'808','2025-02-03',0,0,244500,0,'pending'),(507,'809','2025-02-03',0,0,558000,0,'pending'),(508,'810','2025-02-03',0,0,237000,0,'pending'),(509,'811','2025-02-03',0,0,381000,200000,'pending'),(510,'812','2025-02-03',0,0,453000,400000,'pending'),(511,'813','2025-02-03',0,0,210000,200000,'pending'),(512,'814','2025-02-03',0,0,579000,400000,'pending'),(513,'815','2025-02-03',0,0,210000,0,'pending'),(514,'816','2025-02-03',0,0,202500,100000,'pending'),(515,'818','2025-02-03',0,0,201000,250000,'pending'),(516,'82','2025-02-03',0,0,459000,0,'pending'),(517,'820','2025-02-03',0,0,531000,1000000,'pending'),(518,'821','2025-02-03',0,0,138000,1200000,'pending'),(519,'822','2025-02-03',0,0,123000,50000,'pending'),(520,'824','2025-02-03',0,0,513000,200000,'pending'),(521,'827','2025-02-03',0,0,252000,1200000,'pending'),(522,'828','2025-02-03',0,0,213000,1000000,'pending'),(523,'83','2025-02-03',0,0,183000,0,'pending'),(524,'830','2025-02-03',0,0,126000,1000000,'pending'),(525,'831','2025-02-03',0,0,285000,1000000,'pending'),(526,'832','2025-02-03',0,0,558000,200000,'pending'),(527,'833','2025-02-03',0,0,279000,0,'pending'),(528,'834','2025-02-03',0,0,510000,1250000,'pending'),(529,'835','2025-02-03',0,0,954000,0,'pending'),(530,'838','2025-02-03',0,0,531000,0,'pending'),(531,'84','2025-02-03',0,0,84000,0,'pending'),(532,'842','2025-02-03',0,0,423000,100000,'pending'),(533,'845','2025-02-03',0,0,396000,1000000,'pending'),(534,'847','2025-02-03',0,0,339000,100000,'pending'),(535,'85','2025-02-03',0,0,243000,0,'pending'),(536,'854','2025-02-03',0,0,246000,0,'pending'),(537,'855','2025-02-03',0,0,273000,0,'pending'),(538,'856','2025-02-03',0,0,195000,2200000,'pending'),(539,'858','2025-02-03',0,0,198000,0,'pending'),(540,'86','2025-02-03',0,0,693000,50000,'pending'),(541,'862','2025-02-03',0,0,271500,300000,'pending'),(542,'864','2025-02-03',0,0,576000,100000,'pending'),(543,'865','2025-02-03',0,0,288000,100000,'pending'),(544,'866','2025-02-03',0,0,139500,0,'pending'),(545,'868','2025-02-03',0,0,237000,100000,'pending'),(546,'869','2025-02-03',0,0,276000,0,'pending'),(547,'870','2025-02-03',0,0,166500,0,'pending'),(548,'871','2025-02-03',0,0,229500,1000000,'pending'),(549,'872','2025-02-03',0,0,321000,0,'pending'),(550,'873','2025-02-03',0,0,258000,0,'pending'),(551,'875','2025-02-03',0,0,130500,1200000,'pending'),(552,'878','2025-02-03',0,0,297000,0,'pending'),(553,'880','2025-02-03',0,0,769500,1200000,'pending'),(554,'881','2025-02-03',0,0,219000,0,'pending'),(555,'882','2025-02-03',0,0,570000,300000,'pending'),(556,'884','2025-02-03',0,0,414000,300000,'pending'),(557,'885','2025-02-03',0,0,366000,0,'pending'),(558,'886','2025-02-03',0,0,417000,0,'pending'),(559,'887','2025-02-03',0,0,156000,1000000,'pending'),(560,'888','2025-02-03',0,0,78000,0,'pending'),(561,'889','2025-02-03',0,0,108000,1000000,'pending'),(562,'893','2025-02-03',0,0,345000,100000,'pending'),(563,'894','2025-02-03',0,0,216000,0,'pending'),(564,'895','2025-02-03',0,0,160500,200000,'pending'),(565,'896','2025-02-03',0,0,199500,0,'pending'),(566,'898','2025-02-03',0,0,118500,1000000,'pending'),(567,'9','2025-02-03',0,0,228000,0,'pending'),(568,'90','2025-02-03',0,0,507000,0,'pending'),(569,'901','2025-02-03',0,0,265500,0,'pending'),(570,'903','2025-02-03',0,0,157500,1300000,'pending'),(571,'904','2025-02-03',0,0,228000,400000,'pending'),(572,'906','2025-02-03',0,0,130500,200000,'pending'),(573,'907','2025-02-03',0,0,139500,600000,'pending'),(574,'909','2025-02-03',0,0,268500,1200000,'pending'),(575,'910','2025-02-03',0,0,211500,1000000,'pending'),(576,'911','2025-02-03',0,0,531000,2000000,'pending'),(577,'912','2025-02-03',0,0,201000,100000,'pending'),(578,'914','2025-02-03',0,0,234000,0,'pending'),(579,'915','2025-02-03',0,0,330000,0,'pending'),(580,'916','2025-02-03',0,0,115500,1000000,'pending'),(581,'918','2025-02-03',0,0,414000,0,'pending'),(582,'919','2025-02-03',0,0,196500,100000,'pending'),(583,'920','2025-02-03',0,0,105000,100000,'pending'),(584,'922','2025-02-03',0,0,237000,1350000,'pending'),(585,'926','2025-02-03',0,0,288000,2100000,'pending'),(586,'927','2025-02-03',0,0,456000,0,'pending'),(587,'929','2025-02-03',0,0,171000,1000000,'pending'),(588,'93','2025-02-03',0,0,996000,200000,'pending'),(589,'930','2025-02-03',0,0,148500,250000,'pending'),(590,'931','2025-02-03',0,0,270000,400000,'pending'),(591,'933','2025-02-03',0,0,588000,1100000,'pending'),(592,'934','2025-02-03',0,0,364500,0,'pending'),(593,'937','2025-02-03',0,0,226500,100000,'pending'),(594,'938','2025-02-03',0,0,841500,100000,'pending'),(595,'94','2025-02-03',0,0,109500,100000,'paid'),(596,'940','2025-02-03',0,0,93000,0,'pending'),(597,'943','2025-02-03',0,0,112500,0,'pending'),(598,'944','2025-02-03',0,0,112500,1000000,'pending'),(599,'946','2025-02-03',0,0,180000,0,'pending'),(600,'947','2025-02-03',0,0,109500,200000,'pending'),(601,'949','2025-02-03',0,0,79500,1300000,'pending'),(602,'95','2025-02-03',0,0,250500,0,'pending'),(603,'950','2025-02-03',0,0,561000,0,'pending'),(604,'951','2025-02-03',0,0,216000,1000000,'pending'),(605,'952','2025-02-03',0,0,489000,200000,'pending'),(606,'953','2025-02-03',0,0,891000,0,'pending'),(607,'955','2025-02-03',0,0,150000,200000,'pending'),(608,'956','2025-02-03',0,0,327000,200000,'pending'),(609,'957','2025-02-03',0,0,177000,2000000,'pending'),(610,'958','2025-02-03',0,0,108000,200000,'pending'),(611,'96','2025-02-03',0,0,205500,0,'pending'),(612,'962','2025-02-03',0,0,238500,0,'pending'),(613,'963','2025-02-03',0,0,195000,150000,'pending'),(614,'965','2025-02-03',0,0,106500,100000,'pending'),(615,'967','2025-02-03',0,0,213000,0,'pending'),(616,'97','2025-02-03',0,0,120000,50000,'pending'),(617,'971','2025-02-03',0,0,222000,300000,'pending'),(618,'974','2025-02-03',0,0,262500,0,'pending'),(619,'975','2025-02-03',0,0,462000,200000,'pending'),(620,'977','2025-02-03',0,0,273000,250000,'pending'),(621,'978','2025-02-03',0,0,183000,0,'pending'),(622,'979','2025-02-03',0,0,102000,0,'pending'),(623,'98','2025-02-03',0,0,261000,1000000,'pending'),(624,'980','2025-02-03',0,0,274500,50000,'pending'),(625,'981','2025-02-03',0,0,531000,1050000,'pending'),(626,'983','2025-02-03',0,0,225000,200000,'pending'),(627,'984','2025-02-03',0,0,291000,0,'pending'),(628,'985','2025-02-03',0,0,270000,200000,'pending'),(629,'988','2025-02-03',0,0,309000,200000,'pending'),(630,'989','2025-02-03',0,0,441000,1000000,'paid'),(631,'99','2025-02-03',0,0,246000,1000000,'paid'),(632,'990','2025-02-03',0,0,360000,0,'paid'),(633,'992','2025-02-03',0,0,130500,0,'paid'),(634,'995','2025-02-03',0,0,468000,2000000,'paid'),(635,'997','2025-01-30',999,0,360000,100000,'pending');
/*!40000 ALTER TABLE `service_fee` ENABLE KEYS */;
UNLOCK TABLES;

--
-- Table structure for table `vehicle`
--

DROP TABLE IF EXISTS `vehicle`;
/*!40101 SET @saved_cs_client     = @@character_set_client */;
/*!50503 SET character_set_client = utf8mb4 */;
CREATE TABLE `vehicle` (
  `license_plate` varchar(255) NOT NULL,
  `apartment_id` varchar(255) NOT NULL,
  `type` varchar(255) NOT NULL,
  `status` varchar(255) NOT NULL,
  PRIMARY KEY (`license_plate`),
  KEY `type` (`type`),
  KEY `vehicle_ibfk_1` (`apartment_id`),
  CONSTRAINT `vehicle_ibfk_1` FOREIGN KEY (`apartment_id`) REFERENCES `apartment` (`apartment_id`) ON DELETE RESTRICT ON UPDATE RESTRICT,
  CONSTRAINT `vehicle_ibfk_2` FOREIGN KEY (`type`) REFERENCES `vehicle_type` (`type`)
) ENGINE=InnoDB DEFAULT CHARSET=utf8mb4 COLLATE=utf8mb4_0900_ai_ci;
/*!40101 SET character_set_client = @saved_cs_client */;

--
-- Dumping data for table `vehicle`
--

LOCK TABLES `vehicle` WRITE;
/*!40000 ALTER TABLE `vehicle` DISABLE KEYS */;
INSERT INTO `vehicle` VALUES ('00B-7219','3','electric','out'),('00F-9835','277','motorbike','in'),('00G-2586','581','motorbike','in'),('00G-6876','907','electric','in'),('00I-2080','333','motorbike','in'),('00I-4582','388','motorbike','in'),('00Q-5933','775','car','in'),('00R-0261','guest','motorbike','in'),('00U-8498','guest','motorbike','in'),('00U-9489','55','motorbike','in'),('00V-0321','357','car','in'),('00Y-3241','842','motorbike','in'),('0136','276','bicycle','in'),('01B-3188','829','car','in'),('01C-0465','435','motorbike','in'),('01D-8023','707','motorbike','in'),('01F-4139','983','electric','in'),('01K-8466','58','electric','in'),('01L-1233','991','electric','in'),('01L-1304','464','electric','in'),('01N-6098','430','motorbike','in'),('01N-6899','616','car','in'),('01O-9674','guest','electric','in'),('01P-4140','305','motorbike','in'),('01Q-0269','616','electric','in'),('01T-1696','241','motorbike','in'),('01T-8503','guest','electric','in'),('01V-1919','911','car','in'),('01Y-0868','825','electric','in'),('01Y-3227','487','motorbike','in'),('01Z-9940','643','motorbike','in'),('0222','841','bicycle','in'),('02E-2908','640','motorbike','in'),('02M-6314','466','motorbike','in'),('02N-0640','142','car','in'),('02O-6556','169','electric','in'),('02Q-3710','158','electric','in'),('02S-8376','110','electric','in'),('02Y-2721','190','motorbike','in'),('02Z-4600','907','electric','in'),('0313','72','bicycle','in'),('03B-1232','125','car','in'),('03B-2702','774','car','in'),('03C-4115','guest','electric','in'),('03E-8145','721','car','in'),('03F-3565','655','car','in'),('03Q-4838','728','electric','in'),('03R-5435','462','motorbike','in'),('03W-0503','799','motorbike','in'),('03Y-8473','875','electric','in'),('0408','124','bicycle','in'),('0481','367','bicycle','in'),('04F-4157','guest','electric','in'),('04I-8568','216','motorbike','in'),('04J-9989','532','car','in'),('04M-0324','569','car','in'),('04O-6209','566','car','in'),('04P-7370','922','car','in'),('04T-3494','653','motorbike','in'),('05M-1065','575','electric','in'),('05M-5472','guest','motorbike','in'),('05R-7933','345','electric','in'),('05S-8417','427','motorbike','in'),('05U-6989','796','electric','in'),('05X-4470','guest','electric','in'),('0647','210','bicycle','in'),('06F-6218','580','electric','in'),('06K-6559','973','electric','in'),('06R-1914','731','electric','in'),('06V-0721','405','car','in'),('06V-6368','651','motorbike','in'),('06W-5232','guest','electric','in'),('07A-5558','486','car','in'),('07D-3045','277','motorbike','in'),('07G-6052','795','motorbike','in'),('07I-9694','guest','electric','in'),('07N-1577','519','motorbike','in'),('07Q-0535','813','electric','in'),('07R-6004','169','car','in'),('07Y-2681','180','car','in'),('07Y-5029','209','electric','in'),('0822','803','bicycle','in'),('0864','392','bicycle','in'),('0880','470','bicycle','in'),('08A-3749','856','car','in'),('08D-8906','957','car','in'),('08E-8479','632','motorbike','in'),('08F-6968','504','motorbike','in'),('08K-4180','827','electric','in'),('08L-1024','829','electric','in'),('08L-2295','463','motorbike','in'),('08O-3652','680','motorbike','in'),('08O-6208','817','electric','in'),('08Q-0661','314','motorbike','in'),('08Q-8380','66','electric','in'),('08R-5605','110','motorbike','in'),('08W-4264','928','electric','in'),('08Z-0131','848','motorbike','in'),('0911','92','bicycle','in'),('0995','465','bicycle','in'),('09A-6747','868','motorbike','in'),('09D-1418','105','motorbike','in'),('09D-8041','500','motorbike','in'),('09E-7706','guest','electric','in'),('09F-5165','977','electric','in'),('09M-2472','343','motorbike','in'),('09N-1894','756','electric','in'),('09P-3837','guest','car','in'),('09U-0935','852','car','in'),('09X-8761','700','car','in'),('1035','87','bicycle','in'),('10K-4839','335','motorbike','in'),('10N-5484','175','electric','in'),('10P-0994','376','electric','in'),('10R-2443','709','car','in'),('10U-9412','12','motorbike','in'),('10W-4482','972','car','in'),('10W-7091','78','electric','in'),('1126','822','bicycle','in'),('11A-9284','462','car','in'),('11D-4928','301','motorbike','in'),('11E-2849','430','electric','in'),('11I-7139','429','motorbike','in'),('11J-7571','guest','motorbike','in'),('11L-1010','261','car','in'),('11O-6493','239','electric','in'),('11P-9196','589','motorbike','in'),('11Q-6258','900','electric','in'),('1224','97','bicycle','in'),('12E-7748','303','car','in'),('12E-9919','611','motorbike','in'),('12K-4380','255','electric','in'),('12N-4909','643','motorbike','in'),('12R-9067','guest','motorbike','in'),('12S-3572','guest','car','in'),('12U-5149','626','car','in'),('12V-9478','250','car','in'),('12Z-2758','110','motorbike','in'),('12Z-9894','425','car','in'),('1335','121','bicycle','in'),('13E-4881','16','motorbike','in'),('13E-9684','657','car','in'),('13F-7729','525','motorbike','in'),('13H-2172','592','motorbike','in'),('13I-1605','399','electric','in'),('13Z-7676','98','car','in'),('13Z-9137','218','motorbike','in'),('1446','922','bicycle','in'),('1467','848','bicycle','in'),('1489','182','bicycle','in'),('1494','970','bicycle','in'),('14A-7468','828','car','in'),('14B-7528','949','car','in'),('14C-4750','420','electric','in'),('14D-3800','760','motorbike','in'),('14F-7531','251','electric','in'),('14G-9431','425','car','in'),('14H-0122','289','car','in'),('14K-2755','581','car','in'),('14M-3876','512','car','in'),('14Q-4093','590','motorbike','in'),('14W-9007','895','motorbike','in'),('14X-2067','971','motorbike','in'),('14Y-4303','guest','electric','in'),('1553','326','bicycle','in'),('1589','87','bicycle','in'),('15B-8839','827','car','in'),('15I-8536','520','motorbike','in'),('15O-0477','189','electric','in'),('15O-8829','290','electric','in'),('15W-5238','517','electric','in'),('15Y-2531','guest','car','in'),('1643','315','bicycle','in'),('16B-0245','958','electric','in'),('16D-1872','335','electric','in'),('16D-7452','guest','electric','in'),('16G-8258','102','car','in'),('16H-8422','497','electric','in'),('16O-9865','461','motorbike','in'),('16Q-4124','414','motorbike','in'),('16R-0751','186','electric','in'),('16V-2634','458','motorbike','in'),('16V-7262','631','car','in'),('16X-4873','259','motorbike','in'),('1712','494','bicycle','in'),('1716','739','bicycle','in'),('1799','204','bicycle','in'),('17B-1991','301','motorbike','in'),('17C-8777','614','motorbike','in'),('17E-8761','648','motorbike','in'),('17G-2624','553','motorbike','in'),('17G-3605','537','electric','in'),('17M-5446','22','motorbike','in'),('17N-1539','585','car','in'),('17Q-7845','916','car','in'),('17T-4480','654','motorbike','in'),('17X-3453','500','electric','in'),('18B-1453','405','car','in'),('18F-0100','435','electric','in'),('18H-1045','440','car','in'),('18O-6815','494','motorbike','in'),('18Q-4679','889','car','in'),('18R-0130','147','motorbike','in'),('18X-5278','guest','car','in'),('18Y-6489','720','electric','in'),('18Y-8944','119','motorbike','in'),('19B-1062','923','car','in'),('19B-5680','567','electric','in'),('19D-6971','19','electric','in'),('19F-6467','595','electric','in'),('19G-2723','81','electric','in'),('19H-4707','628','electric','in'),('19M-4529','31','car','in'),('19N-0546','605','electric','in'),('19N-6508','630','motorbike','in'),('19P-2801','20','electric','in'),('19Q-4318','53','motorbike','in'),('19Y-6889','422','electric','in'),('2006','506','bicycle','in'),('2074','597','bicycle','in'),('20C-2186','256','car','in'),('20C-4931','263','electric','in'),('20E-2274','156','car','in'),('20F-2693','704','motorbike','in'),('20G-9503','191','electric','in'),('20K-4294','107','car','in'),('20W-7396','307','motorbike','in'),('21B-7696','938','motorbike','in'),('21I-8732','912','motorbike','in'),('21K-5535','788','car','in'),('21L-5971','369','electric','in'),('21M-5999','244','electric','in'),('21N-1337','920','motorbike','in'),('21R-8806','40','car','in'),('21T-5253','174','motorbike','in'),('21T-7044','929','car','in'),('21V-7519','573','car','in'),('21X-4673','952','motorbike','in'),('21Y-9256','864','motorbike','in'),('2271','818','bicycle','in'),('2276','146','bicycle','in'),('22C-1059','821','car','in'),('22D-4188','59','car','in'),('22D-9539','884','electric','in'),('22F-7447','43','electric','in'),('22H-3089','761','car','in'),('22I-5845','331','motorbike','in'),('22O-3491','403','car','in'),('22Q-2985','909','car','in'),('22W-4144','123','motorbike','in'),('23D-6045','guest','electric','in'),('23O-9991','230','motorbike','in'),('23P-4872','guest','car','in'),('23U-4387','409','car','in'),('23W-7139','230','motorbike','in'),('2428','717','bicycle','in'),('2477','26','bicycle','in'),('24A-7325','38','electric','in'),('24C-4460','153','car','in'),('24F-1743','186','motorbike','in'),('24F-2440','926','motorbike','in'),('24H-8301','guest','car','in'),('24S-0908','guest','motorbike','in'),('24T-1120','71','electric','in'),('24U-3496','753','car','in'),('24W-6907','846','car','in'),('24Z-1166','794','motorbike','in'),('2587','40','bicycle','in'),('25D-8411','224','electric','in'),('25H-2555','405','electric','in'),('25K-0949','326','motorbike','in'),('25K-6278','guest','electric','in'),('25N-1010','241','car','in'),('25O-2976','377','car','in'),('25R-1225','310','electric','in'),('25Z-4687','840','motorbike','in'),('26C-4706','46','motorbike','in'),('26C-8838','444','car','in'),('26D-8216','524','car','in'),('26N-5142','703','car','in'),('26N-6981','176','motorbike','in'),('26S-5558','398','car','in'),('26S-6212','860','electric','in'),('26U-7197','638','electric','in'),('26U-9493','121','motorbike','in'),('26V-7860','192','electric','in'),('26W-0204','guest','motorbike','in'),('26Y-5289','352','electric','in'),('27H-3291','72','electric','in'),('27R-6410','317','motorbike','in'),('27R-9512','24','electric','in'),('27T-1885','884','motorbike','in'),('27U-2999','261','motorbike','in'),('27V-2724','162','motorbike','in'),('27X-2627','904','electric','in'),('27Y-2931','guest','car','in'),('27Y-7306','guest','car','in'),('2865','394','bicycle','in'),('28A-9058','373','car','in'),('28L-8018','834','electric','in'),('28M-0583','877','car','in'),('28R-1538','882','electric','in'),('28T-0204','124','motorbike','in'),('28T-0759','310','electric','in'),('28X-2004','guest','car','in'),('2915','8','bicycle','in'),('2981','963','bicycle','in'),('29F-3482','187','electric','in'),('29H-9935','489','motorbike','in'),('29T-5676','317','electric','in'),('29U-5717','820','car','in'),('29U-5980','353','motorbike','in'),('29V-1934','961','car','in'),('3017','839','bicycle','in'),('30G-1174','493','car','in'),('30I-0056','524','motorbike','in'),('30L-6869','966','car','in'),('30O-1326','700','electric','in'),('30O-7951','144','motorbike','in'),('30P-6739','guest','electric','in'),('30R-1994','guest','motorbike','in'),('30X-2856','906','electric','in'),('30X-4240','717','motorbike','in'),('31A-0246','guest','electric','in'),('31G-5234','193','car','in'),('31M-9462','492','motorbike','in'),('31R-9298','167','electric','in'),('31U-6454','94','motorbike','in'),('3244','435','bicycle','in'),('32A-7140','642','car','in'),('32C-1354','631','electric','in'),('32G-8067','310','motorbike','in'),('32J-2019','355','electric','in'),('32K-8299','370','motorbike','in'),('32N-0825','390','electric','in'),('32S-7591','551','electric','in'),('32T-0597','759','motorbike','in'),('32U-2149','875','car','in'),('32W-7922','926','car','in'),('32X-7242','265','car','in'),('33D-1996','321','motorbike','in'),('33D-4687','guest','car','in'),('33E-7716','250','electric','in'),('33E-9392','111','motorbike','in'),('33P-5804','542','electric','in'),('33U-4338','354','motorbike','in'),('33Z-6652','425','car','in'),('34A-2217','guest','car','in'),('34C-7739','16','electric','in'),('34E-9390','guest','motorbike','in'),('34G-0417','450','car','in'),('34H-9310','guest','electric','in'),('34M-6335','310','electric','in'),('34P-1833','831','car','in'),('34Q-9241','293','motorbike','in'),('34W-4081','guest','motorbike','in'),('34Z-3204','366','car','in'),('3545','930','bicycle','in'),('3563','524','bicycle','in'),('35F-2455','1','car','in'),('35F-3934','330','electric','in'),('35J-9377','844','electric','in'),('35J-9805','guest','electric','in'),('35K-5218','418','car','in'),('35L-2739','514','electric','in'),('35O-0728','345','motorbike','in'),('35Q-0165','895','motorbike','in'),('35U-5457','507','car','in'),('3626','24','bicycle','in'),('36B-2597','694','electric','in'),('36H-1265','290','car','in'),('36I-8668','121','electric','in'),('36J-0780','541','electric','in'),('36L-8979','902','motorbike','in'),('36P-4464','840','motorbike','in'),('36Q-9022','55','electric','in'),('36S-3934','571','electric','in'),('36Y-6865','674','car','in'),('37B-5049','707','motorbike','in'),('37C-8913','337','car','in'),('37D-6234','615','motorbike','in'),('37G-5646','504','motorbike','in'),('37G-6515','guest','car','in'),('37M-4109','997','motorbike','in'),('37N-9318','428','motorbike','in'),('37Q-0731','325','motorbike','in'),('37R-9366','328','motorbike','in'),('37S-1938','788','motorbike','in'),('37U-7720','909','electric','in'),('37W-0037','941','electric','in'),('37Z-4672','981','car','in'),('38C-6911','206','electric','in'),('38E-3654','757','motorbike','in'),('38G-0507','763','electric','in'),('38J-9129','852','motorbike','in'),('38L-7412','903','electric','in'),('38N-3721','568','electric','in'),('38O-3328','899','electric','in'),('38Q-3173','754','motorbike','in'),('39C-2486','484','motorbike','in'),('39E-5870','471','motorbike','in'),('39F-4694','guest','motorbike','in'),('39I-4721','348','electric','in'),('39K-6711','890','motorbike','in'),('39M-2226','386','motorbike','in'),('39N-5574','337','car','in'),('39O-7173','461','motorbike','in'),('39S-9602','324','car','in'),('39U-8428','153','car','in'),('4032','459','bicycle','in'),('4043','355','bicycle','in'),('40A-7767','500','electric','in'),('40B-2354','882','motorbike','in'),('40B-2759','667','car','in'),('40C-2048','433','car','in'),('40C-2088','433','car','in'),('40C-3299','308','electric','in'),('40H-6700','913','car','in'),('40M-4143','guest','electric','in'),('40N-7554','42','electric','in'),('40T-9570','41','electric','in'),('4158','313','bicycle','in'),('4186','770','bicycle','in'),('4198','300','bicycle','in'),('41G-6942','479','motorbike','in'),('41I-9256','294','car','in'),('41J-0205','88','electric','in'),('41K-0585','484','motorbike','in'),('41P-1321','610','motorbike','in'),('41Q-1369','468','motorbike','in'),('41T-1492','guest','car','in'),('41Y-2805','180','electric','in'),('41Z-5833','818','motorbike','in'),('41Z-6308','748','electric','in'),('42C-5023','guest','car','in'),('42K-5889','891','electric','in'),('42P-3216','610','car','in'),('42P-7179','195','car','in'),('42S-4840','guest','electric','in'),('42T-1394','665','electric','in'),('42W-9295','451','car','in'),('4375','56','bicycle','in'),('43A-2455','812','motorbike','in'),('43A-6443','guest','electric','in'),('43B-2502','518','electric','in'),('43D-9856','444','electric','in'),('43E-2505','567','electric','in'),('43I-2045','352','motorbike','in'),('43O-1708','325','car','in'),('43T-7499','401','motorbike','in'),('44F-8618','572','car','in'),('44K-2692','1','motorbike','in'),('44M-8190','539','motorbike','in'),('44T-1266','guest','electric','in'),('44V-3269','369','motorbike','in'),('44Y-5217','45','electric','in'),('44Z-7905','guest','car','in'),('4550','899','bicycle','in'),('45A-2945','guest','motorbike','in'),('45B-0896','347','motorbike','in'),('45C-1331','guest','car','in'),('45C-4235','266','electric','in'),('45C-6836','861','car','in'),('45X-3273','700','motorbike','in'),('46A-0185','363','car','in'),('46C-0604','313','electric','in'),('46D-7041','646','electric','in'),('46G-1390','112','car','in'),('46I-1260','2','car','in'),('46J-4026','891','car','in'),('46M-9454','723','motorbike','in'),('46T-2903','guest','motorbike','in'),('46V-7034','546','electric','in'),('46W-4920','590','electric','in'),('4752','515','bicycle','in'),('47B-1049','328','motorbike','in'),('47E-6853','302','motorbike','in'),('47F-8534','751','car','in'),('47G-1308','849','car','in'),('47I-6263','516','electric','in'),('47J-5940','814','electric','in'),('47M-2805','604','motorbike','in'),('47P-5917','guest','car','in'),('47U-6913','798','electric','in'),('47V-1913','guest','motorbike','in'),('47X-2162','779','electric','in'),('47Y-1919','guest','motorbike','in'),('47Z-4418','937','motorbike','in'),('47Z-5514','960','motorbike','in'),('48D-8650','guest','car','in'),('48J-3135','383','motorbike','in'),('48M-0958','112','car','in'),('48M-3599','947','electric','in'),('48R-5287','643','electric','in'),('48R-6186','223','car','in'),('48S-4371','516','car','in'),('48W-6818','593','motorbike','in'),('48Z-2156','730','electric','in'),('48Z-2166','730','electric','in'),('48Z-2196','730','electric','in'),('4925','235','bicycle','in'),('4932','426','bicycle','in'),('4978','608','bicycle','in'),('49A-3166','316','electric','in'),('49B-6407','17','motorbike','in'),('49B-8310','761','car','in'),('49D-1894','guest','motorbike','in'),('49E-1061','408','car','in'),('49F-9371','131','electric','in'),('49O-1348','102','car','in'),('49O-1622','26','car','in'),('49U-4508','753','car','in'),('50L-7618','358','car','in'),('50O-1362','63','motorbike','in'),('50X-5573','324','car','in'),('5118','121','bicycle','in'),('51B-6798','209','motorbike','in'),('51K-7322','540','electric','in'),('51M-9395','595','car','in'),('51N-9540','935','electric','in'),('51O-0703','43','electric','in'),('51O-4009','512','car','in'),('51R-4588','528','electric','in'),('51U-7025','802','electric','in'),('5269','980','bicycle','in'),('52F-4497','61','motorbike','in'),('52G-4737','47','electric','in'),('52J-3845','475','car','in'),('52K-0475','44','car','in'),('52O-7374','336','car','in'),('52Q-3610','guest','motorbike','in'),('52T-0827','guest','car','in'),('52U-1684','269','electric','in'),('52V-7241','157','car','in'),('52V-8225','564','electric','in'),('52W-9477','709','electric','in'),('52X-6289','839','car','in'),('53I-0607','863','electric','in'),('53Q-5964','guest','motorbike','in'),('53S-0751','350','car','in'),('53X-1617','898','car','in'),('5408','573','bicycle','in'),('54K-4144','81','car','in'),('54U-1731','746','motorbike','in'),('54V-1795','988','electric','in'),('5555','guest','guest','in'),('55A-7417','737','car','in'),('55B-6498','968','car','in'),('55H-2208','649','electric','in'),('55K-3941','427','electric','in'),('55K-5503','996','motorbike','in'),('55L-0625','818','motorbike','in'),('55M-5180','837','motorbike','in'),('55P-2627','904','electric','in'),('55P-5653','756','electric','in'),('55U-4825','403','electric','in'),('5605','834','bicycle','in'),('56C-7940','976','electric','in'),('56E-6397','569','car','in'),('56J-5088','670','motorbike','in'),('56L-3685','834','car','in'),('56L-9659','1000','car','in'),('56N-5752','957','car','in'),('56W-9921','439','electric','in'),('5713','302','bicycle','in'),('57A-0642','guest','car','in'),('57B-0939','236','motorbike','in'),('57G-6322','359','motorbike','in'),('57K-4996','guest','motorbike','in'),('57O-4824','540','electric','in'),('57O-6571','452','car','in'),('57P-8130','64','motorbike','in'),('57U-9952','951','car','in'),('58F-1377','658','car','in'),('58J-2948','158','motorbike','in'),('58P-4091','466','car','in'),('58Q-1890','933','motorbike','in'),('58Q-3506','guest','motorbike','in'),('58Q-5604','852','electric','in'),('58U-4325','guest','car','in'),('58U-7068','857','car','in'),('58W-2763','867','electric','in'),('58Z-6556','413','motorbike','in'),('5998','283','bicycle','in'),('59C-1681','318','car','in'),('59F-0172','832','electric','in'),('59G-5475','guest','electric','in'),('59H-9238','guest','car','in'),('59L-7505','605','car','in'),('59L-9343','993','motorbike','in'),('59N-6791','949','motorbike','in'),('59P-4505','637','motorbike','in'),('59Q-0508','655','motorbike','in'),('59Q-0990','859','electric','in'),('59T-1302','305','car','in'),('59U-0012','guest','car','in'),('59U-1070','931','motorbike','in'),('59W-6009','646','electric','in'),('60B-7930','534','car','in'),('60C-6268','206','motorbike','in'),('60F-1300','853','motorbike','in'),('60I-7785','331','car','in'),('60M-1747','600','motorbike','in'),('60P-9013','200','motorbike','in'),('60W-0589','guest','motorbike','in'),('60Z-7054','811','electric','in'),('6103','623','bicycle','in'),('6110','583','bicycle','in'),('6116','996','bicycle','in'),('6126','923','bicycle','in'),('61G-1544','812','motorbike','in'),('61L-1821','guest','motorbike','in'),('61T-1995','230','electric','in'),('61T-4766','317','car','in'),('61X-9842','571','electric','in'),('6283','292','bicycle','in'),('62A-4232','446','electric','in'),('62C-2383','471','motorbike','in'),('62F-5621','836','car','in'),('62J-6858','971','electric','in'),('62L-0310','689','electric','in'),('62M-5320','862','motorbike','in'),('62M-8845','111','car','in'),('62N-2839','755','car','in'),('62O-5844','328','electric','in'),('62Q-4619','597','electric','in'),('62S-0300','guest','car','in'),('6389','1','bicycle','in'),('63D-7046','556','electric','in'),('63E-3764','606','car','in'),('63L-3350','382','car','in'),('63O-4044','guest','motorbike','in'),('63O-4972','471','car','in'),('63R-6471','431','car','in'),('63Y-3988','guest','car','in'),('6474','620','bicycle','in'),('64A-5526','302','car','in'),('64B-9175','429','electric','in'),('64C-6977','719','car','in'),('64J-7910','802','car','in'),('64K-2039','guest','electric','in'),('64L-0373','649','electric','in'),('64O-6109','637','electric','in'),('64Q-5789','913','electric','in'),('64S-3754','38','motorbike','in'),('64V-4217','10','motorbike','in'),('64W-0157','4','electric','in'),('64W-2729','472','electric','in'),('64W-8466','463','motorbike','in'),('6563','525','bicycle','in'),('65A-0076','62','electric','in'),('65J-1990','42','motorbike','in'),('65O-4441','guest','motorbike','in'),('65S-6196','952','motorbike','in'),('65Z-5926','guest','car','in'),('66A-4421','259','electric','in'),('66A-5469','374','car','in'),('66A-7983','899','electric','in'),('66F-1844','33','car','in'),('66F-5134','257','car','in'),('66F-5452','673','motorbike','in'),('66H-3029','506','electric','in'),('66U-1159','668','car','in'),('66X-9223','283','car','in'),('6722','348','bicycle','in'),('6739','996','bicycle','in'),('67B-6269','153','car','in'),('67D-4104','326','electric','in'),('67E-5638','146','car','in'),('67L-2036','627','electric','in'),('67N-6460','199','car','in'),('67P-7401','108','electric','in'),('67Q-7074','658','electric','in'),('67R-9713','782','motorbike','in'),('67T-8663','767','car','in'),('67V-5239','436','motorbike','in'),('67Z-3798','664','car','in'),('6874','821','bicycle','in'),('6896','733','bicycle','in'),('68A-0453','907','motorbike','in'),('68B-4511','guest','car','in'),('68F-8600','5','electric','in'),('68G-0370','guest','motorbike','in'),('68G-5351','243','car','in'),('68H-6765','guest','electric','in'),('68H-8968','726','motorbike','in'),('68I-2949','515','electric','in'),('68O-8482','480','car','in'),('68R-7439','262','car','in'),('68X-1036','guest','motorbike','in'),('68Y-2420','642','motorbike','in'),('68Z-9637','758','car','in'),('69A-1330','368','car','in'),('69D-5422','149','electric','in'),('69D-6178','413','car','in'),('69E-5052','guest','motorbike','in'),('69I-7372','488','car','in'),('69M-1559','948','car','in'),('69P-0637','guest','car','in'),('69S-6923','425','car','in'),('69U-0373','238','car','in'),('69W-1441','122','car','in'),('69W-6633','192','car','in'),('7065','115','bicycle','in'),('7098','846','bicycle','in'),('70J-9562','234','motorbike','in'),('70Q-5511','guest','electric','in'),('70R-3683','6','motorbike','in'),('70R-5421','553','electric','in'),('70X-7877','911','car','in'),('7106','144','bicycle','in'),('71C-3331','602','electric','in'),('71C-7234','168','car','in'),('71D-2715','205','electric','in'),('71O-1759','192','car','in'),('71O-7357','43','electric','in'),('71Q-0666','221','motorbike','in'),('71S-3546','930','motorbike','in'),('71V-1964','462','electric','in'),('71W-9914','495','electric','in'),('71X-7468','975','electric','in'),('72S-1805','890','car','in'),('72U-4540','478','car','in'),('7304','993','bicycle','in'),('7341','899','bicycle','in'),('73C-2855','343','motorbike','in'),('73D-9740','910','car','in'),('73G-6887','guest','motorbike','in'),('73P-8495','110','car','in'),('73Q-0949','30','electric','in'),('73T-2788','588','car','in'),('73U-6240','642','motorbike','in'),('73Z-6245','989','car','in'),('7415','200','bicycle','in'),('74C-7308','188','car','in'),('74F-4537','4','electric','in'),('74G-9996','793','car','in'),('74K-1806','758','car','in'),('74L-0430','533','car','in'),('74L-7542','606','electric','in'),('74N-0762','585','car','in'),('74N-2776','814','electric','in'),('74N-9652','960','car','in'),('74U-5219','389','car','in'),('74Y-6123','381','motorbike','in'),('7596','287','bicycle','in'),('75D-9890','609','electric','in'),('75I-3997','561','car','in'),('75M-7094','955','electric','in'),('75Q-4807','70','electric','in'),('75Q-5150','652','car','in'),('75X-1898','926','car','in'),('75X-2660','931','motorbike','in'),('75X-9282','893','motorbike','in'),('7651','385','bicycle','in'),('76B-2075','399','electric','in'),('76B-5074','480','motorbike','in'),('76I-6491','752','car','in'),('76J-3931','74','motorbike','in'),('76K-0745','531','car','in'),('76L-6617','323','motorbike','in'),('76N-9429','859','car','in'),('76P-5854','900','car','in'),('76Q-9000','49','motorbike','in'),('76R-1622','192','motorbike','in'),('7787','46','bicycle','in'),('77B-7736','292','motorbike','in'),('77P-3820','285','electric','in'),('77P-8290','164','car','in'),('77Q-6631','guest','electric','in'),('77V-3057','489','electric','in'),('77X-1333','507','electric','in'),('7851','233','bicycle','in'),('7873','28','bicycle','in'),('78A-1405','212','motorbike','in'),('78B-1765','69','motorbike','in'),('78C-7551','436','motorbike','in'),('78D-4145','633','motorbike','in'),('78E-5159','guest','motorbike','in'),('78J-7055','99','car','in'),('78K-8771','404','motorbike','in'),('78O-7981','301','motorbike','in'),('78T-4993','392','electric','in'),('78U-8090','558','car','in'),('7947','680','bicycle','in'),('79I-7269','805','motorbike','in'),('79K-3961','607','electric','in'),('79L-4449','149','car','in'),('79O-2972','331','motorbike','in'),('79Q-1525','856','car','in'),('79R-1280','665','car','in'),('79U-5816','917','electric','in'),('79W-7295','guest','electric','in'),('80F-4420','770','car','in'),('80L-0730','383','motorbike','in'),('80N-2961','987','electric','in'),('80N-7027','286','motorbike','in'),('80N-7897','89','car','in'),('80P-3172','606','car','in'),('80R-5228','guest','motorbike','in'),('80Y-0121','651','motorbike','in'),('81B-4539','409','car','in'),('81C-4260','816','motorbike','in'),('81F-5861','949','electric','in'),('81G-2802','318','motorbike','in'),('81H-3743','93','electric','in'),('81K-0319','109','car','in'),('81K-0912','660','electric','in'),('81M-9668','345','motorbike','in'),('81T-8199','275','car','in'),('81Y-8927','948','motorbike','in'),('81Y-9529','856','electric','in'),('8213','981','bicycle','in'),('82E-0342','302','electric','in'),('82F-8282','110','motorbike','in'),('82G-2169','298','electric','in'),('82G-3002','guest','electric','in'),('82K-3269','941','car','in'),('82M-2839','393','car','in'),('82M-5552','112','car','in'),('82P-6091','490','car','in'),('82R-8503','525','car','in'),('82W-0784','134','electric','in'),('82X-5115','323','car','in'),('8399','39','bicycle','in'),('83A-0095','573','motorbike','in'),('83G-4342','239','car','in'),('83N-7656','349','electric','in'),('83S-4871','331','motorbike','in'),('83T-6572','845','car','in'),('83U-8145','235','motorbike','in'),('83Z-7189','549','car','in'),('8455','821','bicycle','in'),('8496','516','bicycle','in'),('84B-1967','839','motorbike','in'),('84F-5097','922','motorbike','in'),('84I-7552','887','car','in'),('84O-0336','guest','motorbike','in'),('84R-0007','426','motorbike','in'),('84U-6994','356','car','in'),('84U-9415','309','electric','in'),('8581','337','bicycle','in'),('85C-0123','514','motorbike','in'),('85C-1443','195','car','in'),('85C-3557','399','electric','in'),('85E-9494','451','car','in'),('85E-9796','621','car','in'),('85I-6280','905','motorbike','in'),('85L-2061','519','motorbike','in'),('85N-5165','931','electric','in'),('85Q-3020','238','electric','in'),('85S-1795','61','car','in'),('85T-1023','150','car','in'),('85V-9309','215','electric','in'),('85W-1108','535','motorbike','in'),('85W-9375','230','car','in'),('85Y-7879','740','car','in'),('85Z-0852','473','electric','in'),('85Z-7580','309','motorbike','in'),('8652','31','bicycle','in'),('86C-4167','188','car','in'),('86H-7461','204','car','in'),('86H-9990','15','car','in'),('86J-1322','434','electric','in'),('86J-7591','guest','car','in'),('86Q-3562','799','motorbike','in'),('86X-8927','698','motorbike','in'),('86Y-8025','179','car','in'),('87D-6980','81','car','in'),('87K-8575','925','electric','in'),('87N-7659','76','car','in'),('87U-1057','824','electric','in'),('87U-8554','865','motorbike','in'),('87V-4986','635','motorbike','in'),('87V-8024','651','electric','in'),('87W-4665','195','car','in'),('88G-8974','451','motorbike','in'),('88M-0434','899','motorbike','in'),('88T-8066','371','electric','in'),('88Z-5436','guest','motorbike','in'),('88Z-6913','250','car','in'),('88Z-7681','787','car','in'),('8920','87','bicycle','in'),('8929','730','bicycle','in'),('89J-4295','964','car','in'),('89K-8831','963','motorbike','in'),('89O-6818','557','motorbike','in'),('89Q-5007','585','electric','in'),('89S-9891','guest','electric','in'),('89V-9649','135','electric','in'),('9041','977','bicycle','in'),('9062','341','bicycle','in'),('90A-8840','371','motorbike','in'),('90D-4516','812','electric','in'),('90G-6611','874','electric','in'),('90H-2379','939','motorbike','in'),('90I-7300','871','car','in'),('90K-3930','89','electric','in'),('90K-6615','944','car','in'),('90M-5898','407','motorbike','in'),('90M-9112','102','car','in'),('90S-4923','205','car','in'),('90S-5956','guest','electric','in'),('90W-7636','862','electric','in'),('90W-9224','696','electric','in'),('90Z-0031','332','electric','in'),('91C-9025','985','electric','in'),('91E-1858','353','motorbike','in'),('91F-8585','919','motorbike','in'),('91L-4554','672','electric','in'),('91O-3720','241','motorbike','in'),('91R-2647','538','electric','in'),('91Z-1509','830','car','in'),('91Z-2440','692','motorbike','in'),('92G-1436','755','car','in'),('92J-7290','155','electric','in'),('92L-6467','guest','motorbike','in'),('92N-8292','60','car','in'),('92P-9759','446','car','in'),('92X-1778','991','electric','in'),('92Z-0004','706','electric','in'),('9395','672','bicycle','in'),('93A-0843','28','electric','in'),('93D-6577','903','car','in'),('93G-5065','713','motorbike','in'),('93J-7060','787','electric','in'),('93K-9356','guest','car','in'),('93L-9533','guest','electric','in'),('93M-6096','635','motorbike','in'),('93P-5303','242','car','in'),('93Q-6412','698','motorbike','in'),('93R-2372','930','motorbike','in'),('93U-6717','554','car','in'),('93V-0027','620','motorbike','in'),('94C-0641','880','electric','in'),('94D-8577','73','motorbike','in'),('94E-0719','359','electric','in'),('94M-0124','569','car','in'),('94N-3395','437','electric','in'),('94P-0341','180','electric','in'),('94T-2375','216','motorbike','in'),('94W-3721','880','car','in'),('94Y-7402','460','electric','in'),('9526','708','bicycle','in'),('9534','228','bicycle','in'),('95A-1868','746','motorbike','in'),('95B-1909','956','electric','in'),('95D-8967','520','car','in'),('95G-5750','995','car','in'),('95O-8318','795','motorbike','in'),('95P-1106','16','electric','in'),('95P-4831','215','motorbike','in'),('95V-6685','903','motorbike','in'),('95X-1865','241','electric','in'),('95Y-1858','142','motorbike','in'),('95Y-3233','995','car','in'),('9609','522','bicycle','in'),('9623','186','bicycle','in'),('96C-6506','847','motorbike','in'),('96H-5486','821','motorbike','in'),('96N-0184','32','electric','in'),('96O-6041','guest','motorbike','in'),('96V-1066','guest','motorbike','in'),('96X-0170','408','car','in'),('96X-6095','guest','electric','in'),('9700','86','bicycle','in'),('9702','571','bicycle','in'),('97A-1417','585','electric','in'),('97B-9494','guest','car','in'),('97E-9231','305','electric','in'),('97K-4032','527','car','in'),('97K-6573','683','motorbike','in'),('97L-6247','75','car','in'),('97L-8830','199','car','in'),('97N-1607','331','electric','in'),('97O-4592','691','motorbike','in'),('97S-3863','771','electric','in'),('97S-8263','140','motorbike','in'),('97Z-0079','907','motorbike','in'),('98B-8749','guest','car','in'),('98F-2855','151','electric','in'),('98F-4513','645','electric','in'),('98F-8501','535','electric','in'),('98H-2463','195','car','in'),('98H-9355','guest','electric','in'),('98I-9685','216','motorbike','in'),('98K-4082','171','car','in'),('98L-6515','34','car','in'),('98S-9308','781','car','in'),('98W-0729','341','car','in'),('98Z-4155','585','electric','in'),('9956','792','bicycle','in'),('9974','423','bicycle','in'),('99B-7733','609','car','in'),('99C-4273','508','car','in'),('99E-3811','922','electric','in'),('99F-2651','guest','car','in'),('99F-3691','933','car','in'),('99F-5573','965','motorbike','in'),('99F-8207','760','electric','in'),('99I-9367','347','electric','in'),('99O-9614','806','car','in'),('99S-5712','474','car','in'),('99T-2555','268','motorbike','in');
/*!40000 ALTER TABLE `vehicle` ENABLE KEYS */;
UNLOCK TABLES;

--
-- Table structure for table `vehicle_type`
--

DROP TABLE IF EXISTS `vehicle_type`;
/*!40101 SET @saved_cs_client     = @@character_set_client */;
/*!50503 SET character_set_client = utf8mb4 */;
CREATE TABLE `vehicle_type` (
  `type` varchar(255) NOT NULL,
  `parking_fee` int NOT NULL,
  `location` varchar(255) NOT NULL,
  PRIMARY KEY (`type`)
) ENGINE=InnoDB DEFAULT CHARSET=utf8mb4 COLLATE=utf8mb4_0900_ai_ci;
/*!40101 SET character_set_client = @saved_cs_client */;

--
-- Dumping data for table `vehicle_type`
--

LOCK TABLES `vehicle_type` WRITE;
/*!40000 ALTER TABLE `vehicle_type` DISABLE KEYS */;
INSERT INTO `vehicle_type` VALUES ('bicycle',50000,'A'),('car',1000000,'B2'),('electric',200000,'B1'),('guest',5000,'C'),('motorbike',100000,'B1');
/*!40000 ALTER TABLE `vehicle_type` ENABLE KEYS */;
UNLOCK TABLES;

--
-- Dumping events for database 'apartments'
--

--
-- Dumping routines for database 'apartments'
--
/*!50003 DROP PROCEDURE IF EXISTS `add_apartment` */;
/*!50003 SET @saved_cs_client      = @@character_set_client */ ;
/*!50003 SET @saved_cs_results     = @@character_set_results */ ;
/*!50003 SET @saved_col_connection = @@collation_connection */ ;
/*!50003 SET character_set_client  = utf8mb4 */ ;
/*!50003 SET character_set_results = utf8mb4 */ ;
/*!50003 SET collation_connection  = utf8mb4_0900_ai_ci */ ;
/*!50003 SET @saved_sql_mode       = @@sql_mode */ ;
/*!50003 SET sql_mode              = 'ONLY_FULL_GROUP_BY,STRICT_TRANS_TABLES,NO_ZERO_IN_DATE,NO_ZERO_DATE,ERROR_FOR_DIVISION_BY_ZERO,NO_ENGINE_SUBSTITUTION' */ ;
DELIMITER ;;
CREATE DEFINER=`root`@`localhost` PROCEDURE `add_apartment`(  
    IN p_apartment_id VARCHAR(255),  
    IN p_bedrooms INT,  
    IN p_bathrooms INT,  
    IN p_loggias INT,  
    IN p_area DECIMAL(10,2)  
)
BEGIN  
    INSERT INTO `apartment` (`apartment_id`, `bedrooms`, `bathrooms`, `loggias`, `area`)  
    VALUES (p_apartment_id, p_bedrooms, p_bathrooms, p_loggias, p_area);  
END ;;
DELIMITER ;
/*!50003 SET sql_mode              = @saved_sql_mode */ ;
/*!50003 SET character_set_client  = @saved_cs_client */ ;
/*!50003 SET character_set_results = @saved_cs_results */ ;
/*!50003 SET collation_connection  = @saved_col_connection */ ;
/*!50003 DROP PROCEDURE IF EXISTS `add_resident` */;
/*!50003 SET @saved_cs_client      = @@character_set_client */ ;
/*!50003 SET @saved_cs_results     = @@character_set_results */ ;
/*!50003 SET @saved_col_connection = @@collation_connection */ ;
/*!50003 SET character_set_client  = utf8mb4 */ ;
/*!50003 SET character_set_results = utf8mb4 */ ;
/*!50003 SET collation_connection  = utf8mb4_0900_ai_ci */ ;
/*!50003 SET @saved_sql_mode       = @@sql_mode */ ;
/*!50003 SET sql_mode              = 'ONLY_FULL_GROUP_BY,STRICT_TRANS_TABLES,NO_ZERO_IN_DATE,NO_ZERO_DATE,ERROR_FOR_DIVISION_BY_ZERO,NO_ENGINE_SUBSTITUTION' */ ;
DELIMITER ;;
CREATE DEFINER=`root`@`localhost` PROCEDURE `add_resident`(
    IN p_full_name VARCHAR(255),  
    IN p_apartment VARCHAR(255),  
    IN p_birth_date DATE,  
    IN p_phone VARCHAR(255),  
    IN p_email VARCHAR(255)
)
BEGIN  
    INSERT INTO resident (full_name, apartment_id, birth_date, phone_number, email)  
    VALUES (p_full_name, p_apartment, p_birth_date, p_phone, p_email);  
END ;;
DELIMITER ;
/*!50003 SET sql_mode              = @saved_sql_mode */ ;
/*!50003 SET character_set_client  = @saved_cs_client */ ;
/*!50003 SET character_set_results = @saved_cs_results */ ;
/*!50003 SET collation_connection  = @saved_col_connection */ ;
/*!50003 DROP PROCEDURE IF EXISTS `add_vehicle` */;
/*!50003 SET @saved_cs_client      = @@character_set_client */ ;
/*!50003 SET @saved_cs_results     = @@character_set_results */ ;
/*!50003 SET @saved_col_connection = @@collation_connection */ ;
/*!50003 SET character_set_client  = utf8mb4 */ ;
/*!50003 SET character_set_results = utf8mb4 */ ;
/*!50003 SET collation_connection  = utf8mb4_0900_ai_ci */ ;
/*!50003 SET @saved_sql_mode       = @@sql_mode */ ;
/*!50003 SET sql_mode              = 'ONLY_FULL_GROUP_BY,STRICT_TRANS_TABLES,NO_ZERO_IN_DATE,NO_ZERO_DATE,ERROR_FOR_DIVISION_BY_ZERO,NO_ENGINE_SUBSTITUTION' */ ;
DELIMITER ;;
CREATE DEFINER=`root`@`localhost` PROCEDURE `add_vehicle`(
    IN p_license_plate VARCHAR(255),
    IN p_apartment_id VARCHAR(255),
    IN p_vehicle_type VARCHAR(255),
    IN p_status VARCHAR(255)
)
BEGIN
    INSERT INTO vehicle (license_plate, apartment_id, type, status)
    VALUES (p_license_plate, p_apartment_id, p_vehicle_type, p_status);
END ;;
DELIMITER ;
/*!50003 SET sql_mode              = @saved_sql_mode */ ;
/*!50003 SET character_set_client  = @saved_cs_client */ ;
/*!50003 SET character_set_results = @saved_cs_results */ ;
/*!50003 SET collation_connection  = @saved_col_connection */ ;
/*!50003 DROP PROCEDURE IF EXISTS `pay_service_fee` */;
/*!50003 SET @saved_cs_client      = @@character_set_client */ ;
/*!50003 SET @saved_cs_results     = @@character_set_results */ ;
/*!50003 SET @saved_col_connection = @@collation_connection */ ;
/*!50003 SET character_set_client  = utf8mb4 */ ;
/*!50003 SET character_set_results = utf8mb4 */ ;
/*!50003 SET collation_connection  = utf8mb4_0900_ai_ci */ ;
/*!50003 SET @saved_sql_mode       = @@sql_mode */ ;
/*!50003 SET sql_mode              = 'ONLY_FULL_GROUP_BY,STRICT_TRANS_TABLES,NO_ZERO_IN_DATE,NO_ZERO_DATE,ERROR_FOR_DIVISION_BY_ZERO,NO_ENGINE_SUBSTITUTION' */ ;
DELIMITER ;;
CREATE DEFINER=`root`@`localhost` PROCEDURE `pay_service_fee`(
    IN id_pay VARCHAR(50)
)
BEGIN
    -- Update the service fee status to "Paid"
    UPDATE service_fee 
    SET status = 'paid'
    WHERE id = id_pay;

    -- Success message
    SELECT 'Payment successful!' AS message;

END ;;
DELIMITER ;
/*!50003 SET sql_mode              = @saved_sql_mode */ ;
/*!50003 SET character_set_client  = @saved_cs_client */ ;
/*!50003 SET character_set_results = @saved_cs_results */ ;
/*!50003 SET collation_connection  = @saved_col_connection */ ;
/*!50003 DROP PROCEDURE IF EXISTS `service_fee_all` */;
/*!50003 SET @saved_cs_client      = @@character_set_client */ ;
/*!50003 SET @saved_cs_results     = @@character_set_results */ ;
/*!50003 SET @saved_col_connection = @@collation_connection */ ;
/*!50003 SET character_set_client  = utf8mb4 */ ;
/*!50003 SET character_set_results = utf8mb4 */ ;
/*!50003 SET collation_connection  = utf8mb4_0900_ai_ci */ ;
/*!50003 SET @saved_sql_mode       = @@sql_mode */ ;
/*!50003 SET sql_mode              = 'ONLY_FULL_GROUP_BY,STRICT_TRANS_TABLES,NO_ZERO_IN_DATE,NO_ZERO_DATE,ERROR_FOR_DIVISION_BY_ZERO,NO_ENGINE_SUBSTITUTION' */ ;
DELIMITER ;;
CREATE DEFINER=`root`@`localhost` PROCEDURE `service_fee_all`()
BEGIN
    DECLARE done INT DEFAULT FALSE;
    DECLARE apartment_id_fee VARCHAR(50);
    DECLARE num_residents INT DEFAULT 0;
    DECLARE area_add INT DEFAULT 0;
    DECLARE parking_fee_add INT DEFAULT 0;
    DECLARE time_period DATE;
    
    -- Cursor  duyt qua tt c cn h
    DECLARE cur CURSOR FOR 
        SELECT apartment_id FROM apartment;
    
    -- X l khi kt thc vng lp
    DECLARE CONTINUE HANDLER FOR NOT FOUND SET done = TRUE;
    
    -- Ly ngy hin ti
    SET time_period = CURDATE();
    
    OPEN cur;
    
    read_loop: LOOP
        FETCH cur INTO apartment_id_fee;
        IF done THEN
            LEAVE read_loop;
        END IF;
        
        -- Get number of residents in the apartment
        SELECT COUNT(resident.resident_id) INTO num_residents
        FROM apartment
        LEFT JOIN resident ON apartment.apartment_id = resident.apartment_id
        WHERE apartment.apartment_id = apartment_id_fee;
        
        -- Nu khng c c dn th b qua cn h ny
        IF num_residents = 0 THEN
            ITERATE read_loop;
        END IF;
        
        -- Get apartment area (fix null issue)
        SELECT COALESCE(area, 0) INTO area_add 
        FROM apartment
        WHERE apartment_id = apartment_id_fee;
        
        -- Get total parking fee for vehicles in the apartment (fix wrong condition)
        SELECT COALESCE(SUM(parking_fee), 0) 
        INTO parking_fee_add
        FROM vehicle
        LEFT JOIN vehicle_type ON vehicle.type = vehicle_type.type
        WHERE vehicle.apartment_id = apartment_id_fee;
        
        -- Insert service fee record
        INSERT INTO service_fee(apartment_id, time_period, electricity_usage, water_usage, cleaning_fee, parking_fee, status)
        VALUES (apartment_id_fee, time_period, 0, 0, 1500 * num_residents * area_add, parking_fee_add, 'pending');
        
    END LOOP;
    
    CLOSE cur;
    
    -- Success message
    SELECT 'Added service fees for all apartments!' AS message;

END ;;
DELIMITER ;
/*!50003 SET sql_mode              = @saved_sql_mode */ ;
/*!50003 SET character_set_client  = @saved_cs_client */ ;
/*!50003 SET character_set_results = @saved_cs_results */ ;
/*!50003 SET collation_connection  = @saved_col_connection */ ;
/*!50003 DROP PROCEDURE IF EXISTS `service_fee_single` */;
/*!50003 SET @saved_cs_client      = @@character_set_client */ ;
/*!50003 SET @saved_cs_results     = @@character_set_results */ ;
/*!50003 SET @saved_col_connection = @@collation_connection */ ;
/*!50003 SET character_set_client  = utf8mb4 */ ;
/*!50003 SET character_set_results = utf8mb4 */ ;
/*!50003 SET collation_connection  = utf8mb4_0900_ai_ci */ ;
/*!50003 SET @saved_sql_mode       = @@sql_mode */ ;
/*!50003 SET sql_mode              = 'ONLY_FULL_GROUP_BY,STRICT_TRANS_TABLES,NO_ZERO_IN_DATE,NO_ZERO_DATE,ERROR_FOR_DIVISION_BY_ZERO,NO_ENGINE_SUBSTITUTION' */ ;
DELIMITER ;;
CREATE DEFINER=`root`@`localhost` PROCEDURE `service_fee_single`(
    IN apartment_id_fee VARCHAR(50)
)
BEGIN
    DECLARE num_residents INT DEFAULT 0;
    DECLARE area_add INT DEFAULT 0;
    DECLARE parking_fee_add INT DEFAULT 0;
    DECLARE time_period DATE;
    
    -- Get number of residents in the apartment
    SELECT COUNT(resident.resident_id) INTO num_residents
    FROM apartment
    JOIN resident ON apartment.apartment_id = resident.apartment_id
    WHERE apartment.apartment_id = apartment_id_fee;
    
    -- If no residents, return an error message
    IF num_residents = 0 THEN 
        SIGNAL SQLSTATE '45000' 
        SET MESSAGE_TEXT = 'Apartment does not have any residents!';
    END IF;
    
    -- Get apartment area (fix null issue)
    SELECT COALESCE(area, 0) INTO area_add
    FROM apartment
    WHERE apartment_id = apartment_id_fee;
    
    -- Get total parking fee for vehicles in the apartment (fix wrong condition)
    SELECT COALESCE(SUM(parking_fee), 0) 
    INTO parking_fee_add
    FROM vehicle
    LEFT JOIN vehicle_type ON vehicle.type = vehicle_type.type
    WHERE vehicle.apartment_id = apartment_id_fee;
    
    -- Get current date
    SET time_period = CURDATE();
    
    -- Insert service fee record
    INSERT INTO service_fee(apartment_id, time_period, electricity_usage, water_usage, cleaning_fee, parking_fee, status)
    VALUES (apartment_id_fee, time_period, 0, 0, 1500 * num_residents * area_add, parking_fee_add, 'pending');
    
    -- Success message
    SELECT CONCAT('Added service fee for apartment: ', apartment_id_fee, ' . Time: ', time_period, '!') AS message;

END ;;
DELIMITER ;
/*!50003 SET sql_mode              = @saved_sql_mode */ ;
/*!50003 SET character_set_client  = @saved_cs_client */ ;
/*!50003 SET character_set_results = @saved_cs_results */ ;
/*!50003 SET collation_connection  = @saved_col_connection */ ;
/*!50003 DROP PROCEDURE IF EXISTS `vehicle_in` */;
/*!50003 SET @saved_cs_client      = @@character_set_client */ ;
/*!50003 SET @saved_cs_results     = @@character_set_results */ ;
/*!50003 SET @saved_col_connection = @@collation_connection */ ;
/*!50003 SET character_set_client  = utf8mb4 */ ;
/*!50003 SET character_set_results = utf8mb4 */ ;
/*!50003 SET collation_connection  = utf8mb4_0900_ai_ci */ ;
/*!50003 SET @saved_sql_mode       = @@sql_mode */ ;
/*!50003 SET sql_mode              = 'ONLY_FULL_GROUP_BY,STRICT_TRANS_TABLES,NO_ZERO_IN_DATE,NO_ZERO_DATE,ERROR_FOR_DIVISION_BY_ZERO,NO_ENGINE_SUBSTITUTION' */ ;
DELIMITER ;;
CREATE DEFINER=`root`@`localhost` PROCEDURE `vehicle_in`(IN license_plate_in VARCHAR(50))
BEGIN
    DECLARE apartment_id_in VARCHAR(50) DEFAULT NULL;
    DECLARE time_in TIMESTAMP DEFAULT NOW(); -- Corrected declaration and initialization
    
    -- Check if the vehicle already exists in the database
    SELECT apartment_id INTO apartment_id_in FROM vehicle WHERE license_plate = license_plate_in;

    IF apartment_id_in IS NULL THEN
        -- If the vehicle is not registered, add it as a visitor
        INSERT INTO vehicle(license_plate, apartment_id, type, status)
        VALUES (license_plate_in, 'guest', 'guest', 'in');
        
        INSERT INTO entry_exit_log(license_plate, time, direction)
        VALUES (license_plate_in, time_in, 'in');
        
        SELECT CONCAT('Vehicle ', license_plate_in, ' has entered the parking lot!') AS message;
    ELSE
        -- If the vehicle is registered, update its status
        UPDATE vehicle SET status = 'in' WHERE license_plate = license_plate_in;
        
        INSERT INTO entry_exit_log(license_plate, time, direction)
        VALUES (license_plate_in, time_in, 'in');
        
        SELECT CONCAT('Vehicle ', license_plate_in, ' has entered the parking lot!') AS message;
    END IF;
    
END ;;
DELIMITER ;
/*!50003 SET sql_mode              = @saved_sql_mode */ ;
/*!50003 SET character_set_client  = @saved_cs_client */ ;
/*!50003 SET character_set_results = @saved_cs_results */ ;
/*!50003 SET collation_connection  = @saved_col_connection */ ;
/*!50003 DROP PROCEDURE IF EXISTS `vehicle_out` */;
/*!50003 SET @saved_cs_client      = @@character_set_client */ ;
/*!50003 SET @saved_cs_results     = @@character_set_results */ ;
/*!50003 SET @saved_col_connection = @@collation_connection */ ;
/*!50003 SET character_set_client  = utf8mb4 */ ;
/*!50003 SET character_set_results = utf8mb4 */ ;
/*!50003 SET collation_connection  = utf8mb4_0900_ai_ci */ ;
/*!50003 SET @saved_sql_mode       = @@sql_mode */ ;
/*!50003 SET sql_mode              = 'ONLY_FULL_GROUP_BY,STRICT_TRANS_TABLES,NO_ZERO_IN_DATE,NO_ZERO_DATE,ERROR_FOR_DIVISION_BY_ZERO,NO_ENGINE_SUBSTITUTION' */ ;
DELIMITER ;;
CREATE DEFINER=`root`@`localhost` PROCEDURE `vehicle_out`(IN license_plate_out VARCHAR(50))
BEGIN
    DECLARE apartment_id_out VARCHAR(50) DEFAULT NULL;
    DECLARE vehicle_exists INT DEFAULT 0;
    DECLARE time_out TIMESTAMP DEFAULT NOW();

    -- Check if the vehicle exists
    SELECT COUNT(*) INTO vehicle_exists FROM vehicle WHERE license_plate = license_plate_out;
    
    IF vehicle_exists = 0 THEN
        -- Exit early by using SELECT instead of RETURN
        SELECT CONCAT('Vehicle ', license_plate_out, ' is NOT in the parking lot!') AS message;
    ELSE
        -- Get the apartment_id of the vehicle
        SELECT apartment_id INTO apartment_id_out FROM vehicle WHERE license_plate = license_plate_out;

        -- Log the vehicle exit
        INSERT INTO entry_exit_log (license_plate, time, direction)
        VALUES (license_plate_out, time_out, 'out');

        -- If the vehicle is a guest, delete it from the vehicle table
        IF apartment_id_out = 'guest' THEN
            DELETE FROM vehicle WHERE license_plate = license_plate_out;
            SELECT CONCAT('Guest vehicle ', license_plate_out, ' has exited and been removed!') AS message;
        ELSE
            -- Update the status of the registered vehicle
            UPDATE vehicle SET status = 'out' WHERE license_plate = license_plate_out;
            SELECT CONCAT('Vehicle ', license_plate_out, ' has exited the parking lot!') AS message;
        END IF;
    END IF;

END ;;
DELIMITER ;
/*!50003 SET sql_mode              = @saved_sql_mode */ ;
/*!50003 SET character_set_client  = @saved_cs_client */ ;
/*!50003 SET character_set_results = @saved_cs_results */ ;
/*!50003 SET collation_connection  = @saved_col_connection */ ;
/*!40103 SET TIME_ZONE=@OLD_TIME_ZONE */;

/*!40101 SET SQL_MODE=@OLD_SQL_MODE */;
/*!40014 SET FOREIGN_KEY_CHECKS=@OLD_FOREIGN_KEY_CHECKS */;
/*!40014 SET UNIQUE_CHECKS=@OLD_UNIQUE_CHECKS */;
/*!40101 SET CHARACTER_SET_CLIENT=@OLD_CHARACTER_SET_CLIENT */;
/*!40101 SET CHARACTER_SET_RESULTS=@OLD_CHARACTER_SET_RESULTS */;
/*!40101 SET COLLATION_CONNECTION=@OLD_COLLATION_CONNECTION */;
/*!40111 SET SQL_NOTES=@OLD_SQL_NOTES */;

-- Dump completed on 2025-02-09 12:38:48
